provinsi,tahun,sektor,periode_upah,rata_rata_upah,periode_kemiskinan,gkm_makanan
ACEH,2025,"A Pertanian, Kehutanan dan Perikanan",FEBRUARI,2228373.0,MARET,515075.0
ACEH,2025,B Pertambangan dan Penggalian,FEBRUARI,4305238.0,MARET,515075.0
ACEH,2025,C Industri Pengolahan,FEBRUARI,2557211.0,MARET,515075.0
ACEH,2025,D Pengadaan Listrik dan Gas,FEBRUARI,5421924.0,MARET,515075.0
ACEH,2025,"E Pengadaan Air, Pengelolaan Sampah, Limbah dan Daur Ulang",FEBRUARI,2581805.0,MARET,515075.0
ACEH,2025,F Konstruksi,FEBRUARI,3014043.0,MARET,515075.0
ACEH,2025,"G Perdagangan Besar dan Eceran, Reparasi Mobil dan Sepeda Motor",FEBRUARI,3332335.0,MARET,515075.0
ACEH,2025,H Transportasi dan Pergudangan,FEBRUARI,3893380.0,MARET,515075.0
ACEH,2025,I Penyediaan Akomodasi dan Makan Minum,FEBRUARI,1899211.0,MARET,515075.0
ACEH,2025,J Informasi dan Komunikasi,FEBRUARI,3174059.0,MARET,515075.0
ACEH,2025,K Jasa Keuangan dan Asuransi,FEBRUARI,3806961.0,MARET,515075.0
ACEH,2025,"M,N Jasa Perusahaan",FEBRUARI,3164315.0,MARET,515075.0
ACEH,2025,"O Administrasi Pemerintahan, Pertahanan dan Jaminan Sosial Wajib",FEBRUARI,3685541.0,MARET,515075.0
ACEH,2025,P Jasa Pendidikan,FEBRUARI,2601502.0,MARET,515075.0
ACEH,2025,Q Jasa Kesehatan dan Kegiatan Sosial,FEBRUARI,2208454.0,MARET,515075.0
ACEH,2025,"R,S,T,U Jasa Lainnya",FEBRUARI,1507035.0,MARET,515075.0
ACEH,2025,Total,FEBRUARI,2884151.0,MARET,515075.0
SUMATERA UTARA,2025,"A Pertanian, Kehutanan dan Perikanan",FEBRUARI,1950963.0,MARET,509871.0
SUMATERA UTARA,2025,B Pertambangan dan Penggalian,FEBRUARI,2667616.0,MARET,509871.0
SUMATERA UTARA,2025,C Industri Pengolahan,FEBRUARI,2695144.0,MARET,509871.0
SUMATERA UTARA,2025,D Pengadaan Listrik dan Gas,FEBRUARI,3387534.0,MARET,509871.0
SUMATERA UTARA,2025,"E Pengadaan Air, Pengelolaan Sampah, Limbah dan Daur Ulang",FEBRUARI,2172569.0,MARET,509871.0
SUMATERA UTARA,2025,F Konstruksi,FEBRUARI,2631735.0,MARET,509871.0
SUMATERA UTARA,2025,"G Perdagangan Besar dan Eceran, Reparasi Mobil dan Sepeda Motor",FEBRUARI,2501416.0,MARET,509871.0
SUMATERA UTARA,2025,H Transportasi dan Pergudangan,FEBRUARI,3266215.0,MARET,509871.0
SUMATERA UTARA,2025,I Penyediaan Akomodasi dan Makan Minum,FEBRUARI,1849739.0,MARET,509871.0
SUMATERA UTARA,2025,J Informasi dan Komunikasi,FEBRUARI,3638576.0,MARET,509871.0
SUMATERA UTARA,2025,K Jasa Keuangan dan Asuransi,FEBRUARI,4639905.0,MARET,509871.0
SUMATERA UTARA,2025,L Real Estate,FEBRUARI,3306366.0,MARET,509871.0
SUMATERA UTARA,2025,"M,N Jasa Perusahaan",FEBRUARI,2287452.0,MARET,509871.0
SUMATERA UTARA,2025,"O Administrasi Pemerintahan, Pertahanan dan Jaminan Sosial Wajib",FEBRUARI,3129006.0,MARET,509871.0
SUMATERA UTARA,2025,P Jasa Pendidikan,FEBRUARI,2719583.0,MARET,509871.0
SUMATERA UTARA,2025,Q Jasa Kesehatan dan Kegiatan Sosial,FEBRUARI,3984348.0,MARET,509871.0
SUMATERA UTARA,2025,"R,S,T,U Jasa Lainnya",FEBRUARI,1439289.0,MARET,509871.0
SUMATERA UTARA,2025,Total,FEBRUARI,2647529.0,MARET,509871.0
SUMATERA BARAT,2025,"A Pertanian, Kehutanan dan Perikanan",FEBRUARI,2119389.0,MARET,553733.0
SUMATERA BARAT,2025,B Pertambangan dan Penggalian,FEBRUARI,3270992.0,MARET,553733.0
SUMATERA BARAT,2025,C Industri Pengolahan,FEBRUARI,2415850.0,MARET,553733.0
SUMATERA BARAT,2025,D Pengadaan Listrik dan Gas,FEBRUARI,5913850.0,MARET,553733.0
SUMATERA BARAT,2025,"E Pengadaan Air, Pengelolaan Sampah, Limbah dan Daur Ulang",FEBRUARI,3048847.0,MARET,553733.0
SUMATERA BARAT,2025,F Konstruksi,FEBRUARI,2811719.0,MARET,553733.0
SUMATERA BARAT,2025,"G Perdagangan Besar dan Eceran, Reparasi Mobil dan Sepeda Motor",FEBRUARI,2409372.0,MARET,553733.0
SUMATERA BARAT,2025,H Transportasi dan Pergudangan,FEBRUARI,2460654.0,MARET,553733.0
SUMATERA BARAT,2025,I Penyediaan Akomodasi dan Makan Minum,FEBRUARI,1747326.0,MARET,553733.0
SUMATERA BARAT,2025,J Informasi dan Komunikasi,FEBRUARI,1964113.0,MARET,553733.0
SUMATERA BARAT,2025,K Jasa Keuangan dan Asuransi,FEBRUARI,4205248.0,MARET,553733.0
SUMATERA BARAT,2025,"M,N Jasa Perusahaan",FEBRUARI,2795109.0,MARET,553733.0
SUMATERA BARAT,2025,"O Administrasi Pemerintahan, Pertahanan dan Jaminan Sosial Wajib",FEBRUARI,3559225.0,MARET,553733.0
SUMATERA BARAT,2025,P Jasa Pendidikan,FEBRUARI,2905448.0,MARET,553733.0
SUMATERA BARAT,2025,Q Jasa Kesehatan dan Kegiatan Sosial,FEBRUARI,3255629.0,MARET,553733.0
SUMATERA BARAT,2025,"R,S,T,U Jasa Lainnya",FEBRUARI,1703040.0,MARET,553733.0
SUMATERA BARAT,2025,Total,FEBRUARI,2831404.0,MARET,553733.0
RIAU,2025,"A Pertanian, Kehutanan dan Perikanan",FEBRUARI,2597909.0,MARET,525806.0
RIAU,2025,B Pertambangan dan Penggalian,FEBRUARI,5746281.0,MARET,525806.0
RIAU,2025,C Industri Pengolahan,FEBRUARI,3850417.0,MARET,525806.0
RIAU,2025,D Pengadaan Listrik dan Gas,FEBRUARI,6309772.0,MARET,525806.0
RIAU,2025,"E Pengadaan Air, Pengelolaan Sampah, Limbah dan Daur Ulang",FEBRUARI,2455167.0,MARET,525806.0
RIAU,2025,F Konstruksi,FEBRUARI,3039411.0,MARET,525806.0
RIAU,2025,"G Perdagangan Besar dan Eceran, Reparasi Mobil dan Sepeda Motor",FEBRUARI,2592471.0,MARET,525806.0
RIAU,2025,H Transportasi dan Pergudangan,FEBRUARI,3691124.0,MARET,525806.0
RIAU,2025,I Penyediaan Akomodasi dan Makan Minum,FEBRUARI,2504459.0,MARET,525806.0
RIAU,2025,J Informasi dan Komunikasi,FEBRUARI,3695123.0,MARET,525806.0
RIAU,2025,K Jasa Keuangan dan Asuransi,FEBRUARI,4313004.0,MARET,525806.0
RIAU,2025,L Real Estate,FEBRUARI,3808534.0,MARET,525806.0
RIAU,2025,"M,N Jasa Perusahaan",FEBRUARI,2931661.0,MARET,525806.0
RIAU,2025,"O Administrasi Pemerintahan, Pertahanan dan Jaminan Sosial Wajib",FEBRUARI,3290958.0,MARET,525806.0
RIAU,2025,P Jasa Pendidikan,FEBRUARI,3053805.0,MARET,525806.0
RIAU,2025,Q Jasa Kesehatan dan Kegiatan Sosial,FEBRUARI,2889287.0,MARET,525806.0
RIAU,2025,"R,S,T,U Jasa Lainnya",FEBRUARI,2170657.0,MARET,525806.0
RIAU,2025,Total,FEBRUARI,3083274.0,MARET,525806.0
JAMBI,2025,"A Pertanian, Kehutanan dan Perikanan",FEBRUARI,2124354.0,MARET,501425.0
JAMBI,2025,B Pertambangan dan Penggalian,FEBRUARI,3629933.0,MARET,501425.0
JAMBI,2025,C Industri Pengolahan,FEBRUARI,2821050.0,MARET,501425.0
JAMBI,2025,D Pengadaan Listrik dan Gas,FEBRUARI,3484339.0,MARET,501425.0
JAMBI,2025,F Konstruksi,FEBRUARI,3037800.0,MARET,501425.0
JAMBI,2025,"G Perdagangan Besar dan Eceran, Reparasi Mobil dan Sepeda Motor",FEBRUARI,2417010.0,MARET,501425.0
JAMBI,2025,H Transportasi dan Pergudangan,FEBRUARI,3968981.0,MARET,501425.0
JAMBI,2025,I Penyediaan Akomodasi dan Makan Minum,FEBRUARI,1677292.0,MARET,501425.0
JAMBI,2025,J Informasi dan Komunikasi,FEBRUARI,3835937.0,MARET,501425.0
JAMBI,2025,K Jasa Keuangan dan Asuransi,FEBRUARI,3011289.0,MARET,501425.0
JAMBI,2025,"M,N Jasa Perusahaan",FEBRUARI,2808645.0,MARET,501425.0
JAMBI,2025,"O Administrasi Pemerintahan, Pertahanan dan Jaminan Sosial Wajib",FEBRUARI,3796940.0,MARET,501425.0
JAMBI,2025,P Jasa Pendidikan,FEBRUARI,2902078.0,MARET,501425.0
JAMBI,2025,Q Jasa Kesehatan dan Kegiatan Sosial,FEBRUARI,2901689.0,MARET,501425.0
JAMBI,2025,"R,S,T,U Jasa Lainnya",FEBRUARI,1502896.0,MARET,501425.0
JAMBI,2025,Total,FEBRUARI,2789581.0,MARET,501425.0
SUMATERA SELATAN,2025,"A Pertanian, Kehutanan dan Perikanan",FEBRUARI,2036244.0,MARET,436639.0
SUMATERA SELATAN,2025,B Pertambangan dan Penggalian,FEBRUARI,5372913.0,MARET,436639.0
SUMATERA SELATAN,2025,C Industri Pengolahan,FEBRUARI,2816775.0,MARET,436639.0
SUMATERA SELATAN,2025,D Pengadaan Listrik dan Gas,FEBRUARI,5003443.0,MARET,436639.0
SUMATERA SELATAN,2025,"E Pengadaan Air, Pengelolaan Sampah, Limbah dan Daur Ulang",FEBRUARI,2209857.0,MARET,436639.0
SUMATERA SELATAN,2025,F Konstruksi,FEBRUARI,2579261.0,MARET,436639.0
SUMATERA SELATAN,2025,"G Perdagangan Besar dan Eceran, Reparasi Mobil dan Sepeda Motor",FEBRUARI,2475334.0,MARET,436639.0
SUMATERA SELATAN,2025,H Transportasi dan Pergudangan,FEBRUARI,3263032.0,MARET,436639.0
SUMATERA SELATAN,2025,I Penyediaan Akomodasi dan Makan Minum,FEBRUARI,2042597.0,MARET,436639.0
SUMATERA SELATAN,2025,J Informasi dan Komunikasi,FEBRUARI,2346244.0,MARET,436639.0
SUMATERA SELATAN,2025,K Jasa Keuangan dan Asuransi,FEBRUARI,6538933.0,MARET,436639.0
SUMATERA SELATAN,2025,L Real Estate,FEBRUARI,3216569.0,MARET,436639.0
SUMATERA SELATAN,2025,"M,N Jasa Perusahaan",FEBRUARI,2833991.0,MARET,436639.0
SUMATERA SELATAN,2025,"O Administrasi Pemerintahan, Pertahanan dan Jaminan Sosial Wajib",FEBRUARI,3016951.0,MARET,436639.0
SUMATERA SELATAN,2025,P Jasa Pendidikan,FEBRUARI,2694338.0,MARET,436639.0
SUMATERA SELATAN,2025,Q Jasa Kesehatan dan Kegiatan Sosial,FEBRUARI,2911147.0,MARET,436639.0
SUMATERA SELATAN,2025,"R,S,T,U Jasa Lainnya",FEBRUARI,1394667.0,MARET,436639.0
SUMATERA SELATAN,2025,Total,FEBRUARI,2727684.0,MARET,436639.0
BENGKULU,2025,"A Pertanian, Kehutanan dan Perikanan",FEBRUARI,2135850.0,MARET,503475.0
BENGKULU,2025,B Pertambangan dan Penggalian,FEBRUARI,4235185.0,MARET,503475.0
BENGKULU,2025,C Industri Pengolahan,FEBRUARI,2123224.0,MARET,503475.0
BENGKULU,2025,D Pengadaan Listrik dan Gas,FEBRUARI,2685226.0,MARET,503475.0
BENGKULU,2025,F Konstruksi,FEBRUARI,2799761.0,MARET,503475.0
BENGKULU,2025,"G Perdagangan Besar dan Eceran, Reparasi Mobil dan Sepeda Motor",FEBRUARI,2081938.0,MARET,503475.0
BENGKULU,2025,H Transportasi dan Pergudangan,FEBRUARI,2362931.0,MARET,503475.0
BENGKULU,2025,I Penyediaan Akomodasi dan Makan Minum,FEBRUARI,1817694.0,MARET,503475.0
BENGKULU,2025,J Informasi dan Komunikasi,FEBRUARI,2852645.0,MARET,503475.0
BENGKULU,2025,K Jasa Keuangan dan Asuransi,FEBRUARI,4527321.0,MARET,503475.0
BENGKULU,2025,"M,N Jasa Perusahaan",FEBRUARI,2713722.0,MARET,503475.0
BENGKULU,2025,"O Administrasi Pemerintahan, Pertahanan dan Jaminan Sosial Wajib",FEBRUARI,3460404.0,MARET,503475.0
BENGKULU,2025,P Jasa Pendidikan,FEBRUARI,2159107.0,MARET,503475.0
BENGKULU,2025,Q Jasa Kesehatan dan Kegiatan Sosial,FEBRUARI,2580408.0,MARET,503475.0
BENGKULU,2025,"R,S,T,U Jasa Lainnya",FEBRUARI,1485903.0,MARET,503475.0
BENGKULU,2025,Total,FEBRUARI,2566215.0,MARET,503475.0
LAMPUNG,2025,"A Pertanian, Kehutanan dan Perikanan",FEBRUARI,1876072.0,MARET,457878.0
LAMPUNG,2025,B Pertambangan dan Penggalian,FEBRUARI,3062850.0,MARET,457878.0
LAMPUNG,2025,C Industri Pengolahan,FEBRUARI,2337863.0,MARET,457878.0
LAMPUNG,2025,D Pengadaan Listrik dan Gas,FEBRUARI,3556171.0,MARET,457878.0
LAMPUNG,2025,"E Pengadaan Air, Pengelolaan Sampah, Limbah dan Daur Ulang",FEBRUARI,2564459.0,MARET,457878.0
LAMPUNG,2025,F Konstruksi,FEBRUARI,2480542.0,MARET,457878.0
LAMPUNG,2025,"G Perdagangan Besar dan Eceran, Reparasi Mobil dan Sepeda Motor",FEBRUARI,2038883.0,MARET,457878.0
LAMPUNG,2025,H Transportasi dan Pergudangan,FEBRUARI,2422700.0,MARET,457878.0
LAMPUNG,2025,I Penyediaan Akomodasi dan Makan Minum,FEBRUARI,1742375.0,MARET,457878.0
LAMPUNG,2025,J Informasi dan Komunikasi,FEBRUARI,2209425.0,MARET,457878.0
LAMPUNG,2025,K Jasa Keuangan dan Asuransi,FEBRUARI,3843756.0,MARET,457878.0
LAMPUNG,2025,"M,N Jasa Perusahaan",FEBRUARI,2797649.0,MARET,457878.0
LAMPUNG,2025,"O Administrasi Pemerintahan, Pertahanan dan Jaminan Sosial Wajib",FEBRUARI,3262600.0,MARET,457878.0
LAMPUNG,2025,P Jasa Pendidikan,FEBRUARI,2276268.0,MARET,457878.0
LAMPUNG,2025,Q Jasa Kesehatan dan Kegiatan Sosial,FEBRUARI,2550776.0,MARET,457878.0
LAMPUNG,2025,"R,S,T,U Jasa Lainnya",FEBRUARI,1379327.0,MARET,457878.0
LAMPUNG,2025,Total,FEBRUARI,2320932.0,MARET,457878.0
KEP. BANGKA BELITUNG,2025,"A Pertanian, Kehutanan dan Perikanan",FEBRUARI,3026590.0,MARET,706833.0
KEP. BANGKA BELITUNG,2025,B Pertambangan dan Penggalian,FEBRUARI,3548486.0,MARET,706833.0
KEP. BANGKA BELITUNG,2025,C Industri Pengolahan,FEBRUARI,2680885.0,MARET,706833.0
KEP. BANGKA BELITUNG,2025,D Pengadaan Listrik dan Gas,FEBRUARI,4969135.0,MARET,706833.0
KEP. BANGKA BELITUNG,2025,"E Pengadaan Air, Pengelolaan Sampah, Limbah dan Daur Ulang",FEBRUARI,2185000.0,MARET,706833.0
KEP. BANGKA BELITUNG,2025,F Konstruksi,FEBRUARI,3109408.0,MARET,706833.0
KEP. BANGKA BELITUNG,2025,"G Perdagangan Besar dan Eceran, Reparasi Mobil dan Sepeda Motor",FEBRUARI,2759839.0,MARET,706833.0
KEP. BANGKA BELITUNG,2025,H Transportasi dan Pergudangan,FEBRUARI,3376651.0,MARET,706833.0
KEP. BANGKA BELITUNG,2025,I Penyediaan Akomodasi dan Makan Minum,FEBRUARI,2425171.0,MARET,706833.0
KEP. BANGKA BELITUNG,2025,J Informasi dan Komunikasi,FEBRUARI,2659890.0,MARET,706833.0
KEP. BANGKA BELITUNG,2025,K Jasa Keuangan dan Asuransi,FEBRUARI,3614653.0,MARET,706833.0
KEP. BANGKA BELITUNG,2025,L Real Estate,FEBRUARI,3715990.0,MARET,706833.0
KEP. BANGKA BELITUNG,2025,"M,N Jasa Perusahaan",FEBRUARI,3111598.0,MARET,706833.0
KEP. BANGKA BELITUNG,2025,"O Administrasi Pemerintahan, Pertahanan dan Jaminan Sosial Wajib",FEBRUARI,4335639.0,MARET,706833.0
KEP. BANGKA BELITUNG,2025,P Jasa Pendidikan,FEBRUARI,2980886.0,MARET,706833.0
KEP. BANGKA BELITUNG,2025,Q Jasa Kesehatan dan Kegiatan Sosial,FEBRUARI,3589044.0,MARET,706833.0
KEP. BANGKA BELITUNG,2025,"R,S,T,U Jasa Lainnya",FEBRUARI,1587708.0,MARET,706833.0
KEP. BANGKA BELITUNG,2025,Total,FEBRUARI,3155887.0,MARET,706833.0
KEP. RIAU,2025,"A Pertanian, Kehutanan dan Perikanan",FEBRUARI,3232740.0,MARET,570132.0
KEP. RIAU,2025,B Pertambangan dan Penggalian,FEBRUARI,11567732.0,MARET,570132.0
KEP. RIAU,2025,C Industri Pengolahan,FEBRUARI,6354518.0,MARET,570132.0
KEP. RIAU,2025,D Pengadaan Listrik dan Gas,FEBRUARI,5734975.0,MARET,570132.0
KEP. RIAU,2025,"E Pengadaan Air, Pengelolaan Sampah, Limbah dan Daur Ulang",FEBRUARI,3044892.0,MARET,570132.0
KEP. RIAU,2025,F Konstruksi,FEBRUARI,3827420.0,MARET,570132.0
KEP. RIAU,2025,"G Perdagangan Besar dan Eceran, Reparasi Mobil dan Sepeda Motor",FEBRUARI,3778517.0,MARET,570132.0
KEP. RIAU,2025,H Transportasi dan Pergudangan,FEBRUARI,4809589.0,MARET,570132.0
KEP. RIAU,2025,I Penyediaan Akomodasi dan Makan Minum,FEBRUARI,3459829.0,MARET,570132.0
KEP. RIAU,2025,J Informasi dan Komunikasi,FEBRUARI,3708638.0,MARET,570132.0
KEP. RIAU,2025,K Jasa Keuangan dan Asuransi,FEBRUARI,5889212.0,MARET,570132.0
KEP. RIAU,2025,L Real Estate,FEBRUARI,4404260.0,MARET,570132.0
KEP. RIAU,2025,"M,N Jasa Perusahaan",FEBRUARI,3921029.0,MARET,570132.0
KEP. RIAU,2025,"O Administrasi Pemerintahan, Pertahanan dan Jaminan Sosial Wajib",FEBRUARI,4746871.0,MARET,570132.0
KEP. RIAU,2025,P Jasa Pendidikan,FEBRUARI,3805259.0,MARET,570132.0
KEP. RIAU,2025,Q Jasa Kesehatan dan Kegiatan Sosial,FEBRUARI,4889051.0,MARET,570132.0
KEP. RIAU,2025,"R,S,T,U Jasa Lainnya",FEBRUARI,2210538.0,MARET,570132.0
KEP. RIAU,2025,Total,FEBRUARI,4741492.0,MARET,570132.0
DKI JAKARTA,2025,B Pertambangan dan Penggalian,FEBRUARI,20842176.0,MARET,591933.0
DKI JAKARTA,2025,C Industri Pengolahan,FEBRUARI,4300416.0,MARET,591933.0
DKI JAKARTA,2025,D Pengadaan Listrik dan Gas,FEBRUARI,7424615.0,MARET,591933.0
DKI JAKARTA,2025,"E Pengadaan Air, Pengelolaan Sampah, Limbah dan Daur Ulang",FEBRUARI,7726039.0,MARET,591933.0
DKI JAKARTA,2025,F Konstruksi,FEBRUARI,4471461.0,MARET,591933.0
DKI JAKARTA,2025,"G Perdagangan Besar dan Eceran, Reparasi Mobil dan Sepeda Motor",FEBRUARI,4086015.0,MARET,591933.0
DKI JAKARTA,2025,H Transportasi dan Pergudangan,FEBRUARI,4527338.0,MARET,591933.0
DKI JAKARTA,2025,I Penyediaan Akomodasi dan Makan Minum,FEBRUARI,3710478.0,MARET,591933.0
DKI JAKARTA,2025,J Informasi dan Komunikasi,FEBRUARI,7587938.0,MARET,591933.0
DKI JAKARTA,2025,K Jasa Keuangan dan Asuransi,FEBRUARI,7564045.0,MARET,591933.0
DKI JAKARTA,2025,L Real Estate,FEBRUARI,3853610.0,MARET,591933.0
DKI JAKARTA,2025,"M,N Jasa Perusahaan",FEBRUARI,7596216.0,MARET,591933.0
DKI JAKARTA,2025,"O Administrasi Pemerintahan, Pertahanan dan Jaminan Sosial Wajib",FEBRUARI,5367176.0,MARET,591933.0
DKI JAKARTA,2025,P Jasa Pendidikan,FEBRUARI,5447000.0,MARET,591933.0
DKI JAKARTA,2025,Q Jasa Kesehatan dan Kegiatan Sosial,FEBRUARI,6666567.0,MARET,591933.0
DKI JAKARTA,2025,"R,S,T,U Jasa Lainnya",FEBRUARI,2560843.0,MARET,591933.0
DKI JAKARTA,2025,Total,FEBRUARI,4878943.0,MARET,591933.0
JAWA BARAT,2025,"A Pertanian, Kehutanan dan Perikanan",FEBRUARI,1682564.0,MARET,410143.0
JAWA BARAT,2025,B Pertambangan dan Penggalian,FEBRUARI,3203262.0,MARET,410143.0
JAWA BARAT,2025,C Industri Pengolahan,FEBRUARI,3538972.0,MARET,410143.0
JAWA BARAT,2025,D Pengadaan Listrik dan Gas,FEBRUARI,5744939.0,MARET,410143.0
JAWA BARAT,2025,"E Pengadaan Air, Pengelolaan Sampah, Limbah dan Daur Ulang",FEBRUARI,3298231.0,MARET,410143.0
JAWA BARAT,2025,F Konstruksi,FEBRUARI,3237564.0,MARET,410143.0
JAWA BARAT,2025,"G Perdagangan Besar dan Eceran, Reparasi Mobil dan Sepeda Motor",FEBRUARI,2971218.0,MARET,410143.0
JAWA BARAT,2025,H Transportasi dan Pergudangan,FEBRUARI,3573027.0,MARET,410143.0
JAWA BARAT,2025,I Penyediaan Akomodasi dan Makan Minum,FEBRUARI,2312663.0,MARET,410143.0
JAWA BARAT,2025,J Informasi dan Komunikasi,FEBRUARI,4810003.0,MARET,410143.0
JAWA BARAT,2025,K Jasa Keuangan dan Asuransi,FEBRUARI,5850895.0,MARET,410143.0
JAWA BARAT,2025,L Real Estate,FEBRUARI,5901580.0,MARET,410143.0
JAWA BARAT,2025,"M,N Jasa Perusahaan",FEBRUARI,4182863.0,MARET,410143.0
JAWA BARAT,2025,"O Administrasi Pemerintahan, Pertahanan dan Jaminan Sosial Wajib",FEBRUARI,3458991.0,MARET,410143.0
JAWA BARAT,2025,P Jasa Pendidikan,FEBRUARI,2549236.0,MARET,410143.0
JAWA BARAT,2025,Q Jasa Kesehatan dan Kegiatan Sosial,FEBRUARI,4575298.0,MARET,410143.0
JAWA BARAT,2025,"R,S,T,U Jasa Lainnya",FEBRUARI,1655860.0,MARET,410143.0
JAWA BARAT,2025,Total,FEBRUARI,3258613.0,MARET,410143.0
JAWA TENGAH,2025,"A Pertanian, Kehutanan dan Perikanan",FEBRUARI,2382574.0,MARET,407576.0
JAWA TENGAH,2025,B Pertambangan dan Penggalian,FEBRUARI,2431558.0,MARET,407576.0
JAWA TENGAH,2025,C Industri Pengolahan,FEBRUARI,2165389.0,MARET,407576.0
JAWA TENGAH,2025,D Pengadaan Listrik dan Gas,FEBRUARI,3103467.0,MARET,407576.0
JAWA TENGAH,2025,"E Pengadaan Air, Pengelolaan Sampah, Limbah dan Daur Ulang",FEBRUARI,2558281.0,MARET,407576.0
JAWA TENGAH,2025,F Konstruksi,FEBRUARI,2958471.0,MARET,407576.0
JAWA TENGAH,2025,"G Perdagangan Besar dan Eceran, Reparasi Mobil dan Sepeda Motor",FEBRUARI,2007328.0,MARET,407576.0
JAWA TENGAH,2025,H Transportasi dan Pergudangan,FEBRUARI,2848878.0,MARET,407576.0
JAWA TENGAH,2025,I Penyediaan Akomodasi dan Makan Minum,FEBRUARI,1726184.0,MARET,407576.0
JAWA TENGAH,2025,J Informasi dan Komunikasi,FEBRUARI,2343680.0,MARET,407576.0
JAWA TENGAH,2025,K Jasa Keuangan dan Asuransi,FEBRUARI,3528237.0,MARET,407576.0
JAWA TENGAH,2025,L Real Estate,FEBRUARI,3031181.0,MARET,407576.0
JAWA TENGAH,2025,"M,N Jasa Perusahaan",FEBRUARI,2832101.0,MARET,407576.0
JAWA TENGAH,2025,"O Administrasi Pemerintahan, Pertahanan dan Jaminan Sosial Wajib",FEBRUARI,3993237.0,MARET,407576.0
JAWA TENGAH,2025,P Jasa Pendidikan,FEBRUARI,2507285.0,MARET,407576.0
JAWA TENGAH,2025,Q Jasa Kesehatan dan Kegiatan Sosial,FEBRUARI,2906691.0,MARET,407576.0
JAWA TENGAH,2025,"R,S,T,U Jasa Lainnya",FEBRUARI,1478362.0,MARET,407576.0
JAWA TENGAH,2025,Total,FEBRUARI,2441045.0,MARET,407576.0
DI YOGYAKARTA,2025,"A Pertanian, Kehutanan dan Perikanan",FEBRUARI,1629083.0,MARET,457221.0
DI YOGYAKARTA,2025,C Industri Pengolahan,FEBRUARI,2177093.0,MARET,457221.0
DI YOGYAKARTA,2025,D Pengadaan Listrik dan Gas,FEBRUARI,3630243.0,MARET,457221.0
DI YOGYAKARTA,2025,"E Pengadaan Air, Pengelolaan Sampah, Limbah dan Daur Ulang",FEBRUARI,1724373.0,MARET,457221.0
DI YOGYAKARTA,2025,F Konstruksi,FEBRUARI,2493770.0,MARET,457221.0
DI YOGYAKARTA,2025,"G Perdagangan Besar dan Eceran, Reparasi Mobil dan Sepeda Motor",FEBRUARI,2333325.0,MARET,457221.0
DI YOGYAKARTA,2025,H Transportasi dan Pergudangan,FEBRUARI,4086705.0,MARET,457221.0
DI YOGYAKARTA,2025,I Penyediaan Akomodasi dan Makan Minum,FEBRUARI,1962483.0,MARET,457221.0
DI YOGYAKARTA,2025,J Informasi dan Komunikasi,FEBRUARI,3987805.0,MARET,457221.0
DI YOGYAKARTA,2025,K Jasa Keuangan dan Asuransi,FEBRUARI,3413811.0,MARET,457221.0
DI YOGYAKARTA,2025,"M,N Jasa Perusahaan",FEBRUARI,2677743.0,MARET,457221.0
DI YOGYAKARTA,2025,"O Administrasi Pemerintahan, Pertahanan dan Jaminan Sosial Wajib",FEBRUARI,4756112.0,MARET,457221.0
DI YOGYAKARTA,2025,P Jasa Pendidikan,FEBRUARI,3328660.0,MARET,457221.0
DI YOGYAKARTA,2025,Q Jasa Kesehatan dan Kegiatan Sosial,FEBRUARI,6555351.0,MARET,457221.0
DI YOGYAKARTA,2025,"R,S,T,U Jasa Lainnya",FEBRUARI,1655014.0,MARET,457221.0
DI YOGYAKARTA,2025,Total,FEBRUARI,2914645.0,MARET,457221.0
JAWA TIMUR,2025,"A Pertanian, Kehutanan dan Perikanan",FEBRUARI,1649242.0,MARET,425719.0
JAWA TIMUR,2025,B Pertambangan dan Penggalian,FEBRUARI,3094140.0,MARET,425719.0
JAWA TIMUR,2025,C Industri Pengolahan,FEBRUARI,2813940.0,MARET,425719.0
JAWA TIMUR,2025,D Pengadaan Listrik dan Gas,FEBRUARI,6079508.0,MARET,425719.0
JAWA TIMUR,2025,"E Pengadaan Air, Pengelolaan Sampah, Limbah dan Daur Ulang",FEBRUARI,1972273.0,MARET,425719.0
JAWA TIMUR,2025,F Konstruksi,FEBRUARI,2699207.0,MARET,425719.0
JAWA TIMUR,2025,"G Perdagangan Besar dan Eceran, Reparasi Mobil dan Sepeda Motor",FEBRUARI,2199257.0,MARET,425719.0
JAWA TIMUR,2025,H Transportasi dan Pergudangan,FEBRUARI,3326043.0,MARET,425719.0
JAWA TIMUR,2025,I Penyediaan Akomodasi dan Makan Minum,FEBRUARI,1996022.0,MARET,425719.0
JAWA TIMUR,2025,J Informasi dan Komunikasi,FEBRUARI,3425071.0,MARET,425719.0
JAWA TIMUR,2025,K Jasa Keuangan dan Asuransi,FEBRUARI,3757021.0,MARET,425719.0
JAWA TIMUR,2025,L Real Estate,FEBRUARI,2848509.0,MARET,425719.0
JAWA TIMUR,2025,"M,N Jasa Perusahaan",FEBRUARI,3079768.0,MARET,425719.0
JAWA TIMUR,2025,"O Administrasi Pemerintahan, Pertahanan dan Jaminan Sosial Wajib",FEBRUARI,3913206.0,MARET,425719.0
JAWA TIMUR,2025,P Jasa Pendidikan,FEBRUARI,2041732.0,MARET,425719.0
JAWA TIMUR,2025,Q Jasa Kesehatan dan Kegiatan Sosial,FEBRUARI,2766986.0,MARET,425719.0
JAWA TIMUR,2025,"R,S,T,U Jasa Lainnya",FEBRUARI,1784694.0,MARET,425719.0
JAWA TIMUR,2025,Total,FEBRUARI,2625050.0,MARET,425719.0
BANTEN,2025,"A Pertanian, Kehutanan dan Perikanan",FEBRUARI,3278752.0,MARET,499525.0
BANTEN,2025,B Pertambangan dan Penggalian,FEBRUARI,4359192.0,MARET,499525.0
BANTEN,2025,D Pengadaan Listrik dan Gas,FEBRUARI,5643277.0,MARET,499525.0
BANTEN,2025,"E Pengadaan Air, Pengelolaan Sampah, Limbah dan Daur Ulang",FEBRUARI,2655872.0,MARET,499525.0
BANTEN,2025,F Konstruksi,FEBRUARI,6300243.0,MARET,499525.0
BANTEN,2025,"G Perdagangan Besar dan Eceran, Reparasi Mobil dan Sepeda Motor",FEBRUARI,3444632.0,MARET,499525.0
BANTEN,2025,H Transportasi dan Pergudangan,FEBRUARI,4281033.0,MARET,499525.0
BANTEN,2025,I Penyediaan Akomodasi dan Makan Minum,FEBRUARI,3227681.0,MARET,499525.0
BANTEN,2025,J Informasi dan Komunikasi,FEBRUARI,5306656.0,MARET,499525.0
BANTEN,2025,K Jasa Keuangan dan Asuransi,FEBRUARI,5361270.0,MARET,499525.0
BANTEN,2025,L Real Estate,FEBRUARI,2650985.0,MARET,499525.0
BANTEN,2025,"M,N Jasa Perusahaan",FEBRUARI,4636507.0,MARET,499525.0
BANTEN,2025,"O Administrasi Pemerintahan, Pertahanan dan Jaminan Sosial Wajib",FEBRUARI,4306948.0,MARET,499525.0
BANTEN,2025,P Jasa Pendidikan,FEBRUARI,3661398.0,MARET,499525.0
BANTEN,2025,Q Jasa Kesehatan dan Kegiatan Sosial,FEBRUARI,4182079.0,MARET,499525.0
BANTEN,2025,"R,S,T,U Jasa Lainnya",FEBRUARI,2524974.0,MARET,499525.0
BANTEN,2025,Total,FEBRUARI,4168622.0,MARET,499525.0
BALI,2025,"A Pertanian, Kehutanan dan Perikanan",FEBRUARI,1474012.0,MARET,419319.0
BALI,2025,C Industri Pengolahan,FEBRUARI,2321211.0,MARET,419319.0
BALI,2025,D Pengadaan Listrik dan Gas,FEBRUARI,3048017.0,MARET,419319.0
BALI,2025,"E Pengadaan Air, Pengelolaan Sampah, Limbah dan Daur Ulang",FEBRUARI,2113955.0,MARET,419319.0
BALI,2025,F Konstruksi,FEBRUARI,2983287.0,MARET,419319.0
BALI,2025,"G Perdagangan Besar dan Eceran, Reparasi Mobil dan Sepeda Motor",FEBRUARI,2796316.0,MARET,419319.0
BALI,2025,H Transportasi dan Pergudangan,FEBRUARI,11582643.0,MARET,419319.0
BALI,2025,I Penyediaan Akomodasi dan Makan Minum,FEBRUARI,3585955.0,MARET,419319.0
BALI,2025,J Informasi dan Komunikasi,FEBRUARI,4339494.0,MARET,419319.0
BALI,2025,K Jasa Keuangan dan Asuransi,FEBRUARI,3739704.0,MARET,419319.0
BALI,2025,"M,N Jasa Perusahaan",FEBRUARI,4198179.0,MARET,419319.0
BALI,2025,"O Administrasi Pemerintahan, Pertahanan dan Jaminan Sosial Wajib",FEBRUARI,3869638.0,MARET,419319.0
BALI,2025,P Jasa Pendidikan,FEBRUARI,3532872.0,MARET,419319.0
BALI,2025,Q Jasa Kesehatan dan Kegiatan Sosial,FEBRUARI,3552852.0,MARET,419319.0
BALI,2025,"R,S,T,U Jasa Lainnya",FEBRUARI,2748438.0,MARET,419319.0
BALI,2025,Total,FEBRUARI,3617339.0,MARET,419319.0
NUSA TENGGARA BARAT,2025,"A Pertanian, Kehutanan dan Perikanan",FEBRUARI,1374466.0,MARET,422427.0
NUSA TENGGARA BARAT,2025,B Pertambangan dan Penggalian,FEBRUARI,3952863.0,MARET,422427.0
NUSA TENGGARA BARAT,2025,C Industri Pengolahan,FEBRUARI,1343696.0,MARET,422427.0
NUSA TENGGARA BARAT,2025,D Pengadaan Listrik dan Gas,FEBRUARI,10317694.0,MARET,422427.0
NUSA TENGGARA BARAT,2025,"E Pengadaan Air, Pengelolaan Sampah, Limbah dan Daur Ulang",FEBRUARI,583772.0,MARET,422427.0
NUSA TENGGARA BARAT,2025,F Konstruksi,FEBRUARI,2648174.0,MARET,422427.0
NUSA TENGGARA BARAT,2025,"G Perdagangan Besar dan Eceran, Reparasi Mobil dan Sepeda Motor",FEBRUARI,1939904.0,MARET,422427.0
NUSA TENGGARA BARAT,2025,H Transportasi dan Pergudangan,FEBRUARI,2293253.0,MARET,422427.0
NUSA TENGGARA BARAT,2025,I Penyediaan Akomodasi dan Makan Minum,FEBRUARI,1814765.0,MARET,422427.0
NUSA TENGGARA BARAT,2025,J Informasi dan Komunikasi,FEBRUARI,1521067.0,MARET,422427.0
NUSA TENGGARA BARAT,2025,K Jasa Keuangan dan Asuransi,FEBRUARI,2975048.0,MARET,422427.0
NUSA TENGGARA BARAT,2025,"M,N Jasa Perusahaan",FEBRUARI,2667049.0,MARET,422427.0
NUSA TENGGARA BARAT,2025,"O Administrasi Pemerintahan, Pertahanan dan Jaminan Sosial Wajib",FEBRUARI,3248754.0,MARET,422427.0
NUSA TENGGARA BARAT,2025,P Jasa Pendidikan,FEBRUARI,2389409.0,MARET,422427.0
NUSA TENGGARA BARAT,2025,Q Jasa Kesehatan dan Kegiatan Sosial,FEBRUARI,1475852.0,MARET,422427.0
NUSA TENGGARA BARAT,2025,"R,S,T,U Jasa Lainnya",FEBRUARI,1249851.0,MARET,422427.0
NUSA TENGGARA BARAT,2025,Total,FEBRUARI,2377411.0,MARET,422427.0
NUSA TENGGARA TIMUR,2025,"A Pertanian, Kehutanan dan Perikanan",FEBRUARI,1496487.0,MARET,416301.0
NUSA TENGGARA TIMUR,2025,C Industri Pengolahan,FEBRUARI,1162805.0,MARET,416301.0
NUSA TENGGARA TIMUR,2025,D Pengadaan Listrik dan Gas,FEBRUARI,2567179.0,MARET,416301.0
NUSA TENGGARA TIMUR,2025,F Konstruksi,FEBRUARI,3077494.0,MARET,416301.0
NUSA TENGGARA TIMUR,2025,"G Perdagangan Besar dan Eceran, Reparasi Mobil dan Sepeda Motor",FEBRUARI,1657306.0,MARET,416301.0
NUSA TENGGARA TIMUR,2025,H Transportasi dan Pergudangan,FEBRUARI,1482654.0,MARET,416301.0
NUSA TENGGARA TIMUR,2025,I Penyediaan Akomodasi dan Makan Minum,FEBRUARI,1855384.0,MARET,416301.0
NUSA TENGGARA TIMUR,2025,J Informasi dan Komunikasi,FEBRUARI,2064717.0,MARET,416301.0
NUSA TENGGARA TIMUR,2025,K Jasa Keuangan dan Asuransi,FEBRUARI,4677950.0,MARET,416301.0
NUSA TENGGARA TIMUR,2025,"M,N Jasa Perusahaan",FEBRUARI,2811710.0,MARET,416301.0
NUSA TENGGARA TIMUR,2025,"O Administrasi Pemerintahan, Pertahanan dan Jaminan Sosial Wajib",FEBRUARI,3165767.0,MARET,416301.0
NUSA TENGGARA TIMUR,2025,P Jasa Pendidikan,FEBRUARI,2507895.0,MARET,416301.0
NUSA TENGGARA TIMUR,2025,Q Jasa Kesehatan dan Kegiatan Sosial,FEBRUARI,2186768.0,MARET,416301.0
NUSA TENGGARA TIMUR,2025,"R,S,T,U Jasa Lainnya",FEBRUARI,1601183.0,MARET,416301.0
NUSA TENGGARA TIMUR,2025,Total,FEBRUARI,2341352.0,MARET,416301.0
KALIMANTAN TENGAH,2025,"A Pertanian, Kehutanan dan Perikanan",FEBRUARI,3258777.0,MARET,503626.0
KALIMANTAN TENGAH,2025,B Pertambangan dan Penggalian,FEBRUARI,3738074.0,MARET,503626.0
KALIMANTAN TENGAH,2025,C Industri Pengolahan,FEBRUARI,3597888.0,MARET,503626.0
KALIMANTAN TENGAH,2025,F Konstruksi,FEBRUARI,3405909.0,MARET,503626.0
KALIMANTAN TENGAH,2025,"G Perdagangan Besar dan Eceran, Reparasi Mobil dan Sepeda Motor",FEBRUARI,2599553.0,MARET,503626.0
KALIMANTAN TENGAH,2025,H Transportasi dan Pergudangan,FEBRUARI,3496528.0,MARET,503626.0
KALIMANTAN TENGAH,2025,I Penyediaan Akomodasi dan Makan Minum,FEBRUARI,1843049.0,MARET,503626.0
KALIMANTAN TENGAH,2025,J Informasi dan Komunikasi,FEBRUARI,3126628.0,MARET,503626.0
KALIMANTAN TENGAH,2025,K Jasa Keuangan dan Asuransi,FEBRUARI,3793122.0,MARET,503626.0
KALIMANTAN TENGAH,2025,"M,N Jasa Perusahaan",FEBRUARI,4210631.0,MARET,503626.0
KALIMANTAN TENGAH,2025,"O Administrasi Pemerintahan, Pertahanan dan Jaminan Sosial Wajib",FEBRUARI,3807420.0,MARET,503626.0
KALIMANTAN TENGAH,2025,P Jasa Pendidikan,FEBRUARI,2674274.0,MARET,503626.0
KALIMANTAN TENGAH,2025,Q Jasa Kesehatan dan Kegiatan Sosial,FEBRUARI,3344359.0,MARET,503626.0
KALIMANTAN TENGAH,2025,"R,S,T,U Jasa Lainnya",FEBRUARI,1887723.0,MARET,503626.0
KALIMANTAN TENGAH,2025,Total,FEBRUARI,3265545.0,MARET,503626.0
KALIMANTAN SELATAN,2025,"A Pertanian, Kehutanan dan Perikanan",FEBRUARI,3035775.0,MARET,467347.0
KALIMANTAN SELATAN,2025,B Pertambangan dan Penggalian,FEBRUARI,5751119.0,MARET,467347.0
KALIMANTAN SELATAN,2025,C Industri Pengolahan,FEBRUARI,2843292.0,MARET,467347.0
KALIMANTAN SELATAN,2025,D Pengadaan Listrik dan Gas,FEBRUARI,3559309.0,MARET,467347.0
KALIMANTAN SELATAN,2025,"E Pengadaan Air, Pengelolaan Sampah, Limbah dan Daur Ulang",FEBRUARI,3179460.0,MARET,467347.0
KALIMANTAN SELATAN,2025,F Konstruksi,FEBRUARI,2830726.0,MARET,467347.0
KALIMANTAN SELATAN,2025,"G Perdagangan Besar dan Eceran, Reparasi Mobil dan Sepeda Motor",FEBRUARI,2698785.0,MARET,467347.0
KALIMANTAN SELATAN,2025,H Transportasi dan Pergudangan,FEBRUARI,3218662.0,MARET,467347.0
KALIMANTAN SELATAN,2025,I Penyediaan Akomodasi dan Makan Minum,FEBRUARI,2137971.0,MARET,467347.0
KALIMANTAN SELATAN,2025,J Informasi dan Komunikasi,FEBRUARI,3574904.0,MARET,467347.0
KALIMANTAN SELATAN,2025,K Jasa Keuangan dan Asuransi,FEBRUARI,4254088.0,MARET,467347.0
KALIMANTAN SELATAN,2025,L Real Estate,FEBRUARI,4455510.0,MARET,467347.0
KALIMANTAN SELATAN,2025,"M,N Jasa Perusahaan",FEBRUARI,3320489.0,MARET,467347.0
KALIMANTAN SELATAN,2025,"O Administrasi Pemerintahan, Pertahanan dan Jaminan Sosial Wajib",FEBRUARI,3604765.0,MARET,467347.0
KALIMANTAN SELATAN,2025,P Jasa Pendidikan,FEBRUARI,2554005.0,MARET,467347.0
KALIMANTAN SELATAN,2025,Q Jasa Kesehatan dan Kegiatan Sosial,FEBRUARI,3752929.0,MARET,467347.0
KALIMANTAN SELATAN,2025,"R,S,T,U Jasa Lainnya",FEBRUARI,1744976.0,MARET,467347.0
KALIMANTAN SELATAN,2025,Total,FEBRUARI,3269734.0,MARET,467347.0
KALIMANTAN TIMUR,2025,"A Pertanian, Kehutanan dan Perikanan",FEBRUARI,3887382.0,MARET,611584.0
KALIMANTAN TIMUR,2025,B Pertambangan dan Penggalian,FEBRUARI,6489701.0,MARET,611584.0
KALIMANTAN TIMUR,2025,C Industri Pengolahan,FEBRUARI,5028169.0,MARET,611584.0
KALIMANTAN TIMUR,2025,D Pengadaan Listrik dan Gas,FEBRUARI,6162315.0,MARET,611584.0
KALIMANTAN TIMUR,2025,"E Pengadaan Air, Pengelolaan Sampah, Limbah dan Daur Ulang",FEBRUARI,4655096.0,MARET,611584.0
KALIMANTAN TIMUR,2025,F Konstruksi,FEBRUARI,4466353.0,MARET,611584.0
KALIMANTAN TIMUR,2025,"G Perdagangan Besar dan Eceran, Reparasi Mobil dan Sepeda Motor",FEBRUARI,3354539.0,MARET,611584.0
KALIMANTAN TIMUR,2025,H Transportasi dan Pergudangan,FEBRUARI,3624716.0,MARET,611584.0
KALIMANTAN TIMUR,2025,I Penyediaan Akomodasi dan Makan Minum,FEBRUARI,2504371.0,MARET,611584.0
KALIMANTAN TIMUR,2025,J Informasi dan Komunikasi,FEBRUARI,4533142.0,MARET,611584.0
KALIMANTAN TIMUR,2025,K Jasa Keuangan dan Asuransi,FEBRUARI,5574507.0,MARET,611584.0
KALIMANTAN TIMUR,2025,L Real Estate,FEBRUARI,7057790.0,MARET,611584.0
KALIMANTAN TIMUR,2025,"M,N Jasa Perusahaan",FEBRUARI,4541537.0,MARET,611584.0
KALIMANTAN TIMUR,2025,"O Administrasi Pemerintahan, Pertahanan dan Jaminan Sosial Wajib",FEBRUARI,4694130.0,MARET,611584.0
KALIMANTAN TIMUR,2025,P Jasa Pendidikan,FEBRUARI,3305832.0,MARET,611584.0
KALIMANTAN TIMUR,2025,Q Jasa Kesehatan dan Kegiatan Sosial,FEBRUARI,4037153.0,MARET,611584.0
KALIMANTAN TIMUR,2025,"R,S,T,U Jasa Lainnya",FEBRUARI,2221086.0,MARET,611584.0
KALIMANTAN TIMUR,2025,Total,FEBRUARI,4439658.0,MARET,611584.0
KALIMANTAN UTARA,2025,"A Pertanian, Kehutanan dan Perikanan",FEBRUARI,4553107.0,MARET,652807.0
KALIMANTAN UTARA,2025,B Pertambangan dan Penggalian,FEBRUARI,5602212.0,MARET,652807.0
KALIMANTAN UTARA,2025,C Industri Pengolahan,FEBRUARI,4188220.0,MARET,652807.0
KALIMANTAN UTARA,2025,D Pengadaan Listrik dan Gas,FEBRUARI,4456038.0,MARET,652807.0
KALIMANTAN UTARA,2025,F Konstruksi,FEBRUARI,4750109.0,MARET,652807.0
KALIMANTAN UTARA,2025,"G Perdagangan Besar dan Eceran, Reparasi Mobil dan Sepeda Motor",FEBRUARI,4370238.0,MARET,652807.0
KALIMANTAN UTARA,2025,H Transportasi dan Pergudangan,FEBRUARI,2813051.0,MARET,652807.0
KALIMANTAN UTARA,2025,I Penyediaan Akomodasi dan Makan Minum,FEBRUARI,1850174.0,MARET,652807.0
KALIMANTAN UTARA,2025,K Jasa Keuangan dan Asuransi,FEBRUARI,3609740.0,MARET,652807.0
KALIMANTAN UTARA,2025,"M,N Jasa Perusahaan",FEBRUARI,3318583.0,MARET,652807.0
KALIMANTAN UTARA,2025,"O Administrasi Pemerintahan, Pertahanan dan Jaminan Sosial Wajib",FEBRUARI,4932934.0,MARET,652807.0
KALIMANTAN UTARA,2025,P Jasa Pendidikan,FEBRUARI,3991950.0,MARET,652807.0
KALIMANTAN UTARA,2025,Q Jasa Kesehatan dan Kegiatan Sosial,FEBRUARI,4965989.0,MARET,652807.0
KALIMANTAN UTARA,2025,"R,S,T,U Jasa Lainnya",FEBRUARI,1618646.0,MARET,652807.0
KALIMANTAN UTARA,2025,Total,FEBRUARI,4355707.0,MARET,652807.0
SULAWESI UTARA,2025,"A Pertanian, Kehutanan dan Perikanan",FEBRUARI,2305697.0,MARET,412809.0
SULAWESI UTARA,2025,B Pertambangan dan Penggalian,FEBRUARI,3821263.0,MARET,412809.0
SULAWESI UTARA,2025,C Industri Pengolahan,FEBRUARI,2970249.0,MARET,412809.0
SULAWESI UTARA,2025,D Pengadaan Listrik dan Gas,FEBRUARI,4203005.0,MARET,412809.0
SULAWESI UTARA,2025,"E Pengadaan Air, Pengelolaan Sampah, Limbah dan Daur Ulang",FEBRUARI,4304239.0,MARET,412809.0
SULAWESI UTARA,2025,F Konstruksi,FEBRUARI,3009753.0,MARET,412809.0
SULAWESI UTARA,2025,"G Perdagangan Besar dan Eceran, Reparasi Mobil dan Sepeda Motor",FEBRUARI,3451381.0,MARET,412809.0
SULAWESI UTARA,2025,H Transportasi dan Pergudangan,FEBRUARI,3661433.0,MARET,412809.0
SULAWESI UTARA,2025,I Penyediaan Akomodasi dan Makan Minum,FEBRUARI,2493369.0,MARET,412809.0
SULAWESI UTARA,2025,J Informasi dan Komunikasi,FEBRUARI,3312202.0,MARET,412809.0
SULAWESI UTARA,2025,K Jasa Keuangan dan Asuransi,FEBRUARI,3419239.0,MARET,412809.0
SULAWESI UTARA,2025,"M,N Jasa Perusahaan",FEBRUARI,3780726.0,MARET,412809.0
SULAWESI UTARA,2025,"O Administrasi Pemerintahan, Pertahanan dan Jaminan Sosial Wajib",FEBRUARI,3783958.0,MARET,412809.0
SULAWESI UTARA,2025,P Jasa Pendidikan,FEBRUARI,3803655.0,MARET,412809.0
SULAWESI UTARA,2025,Q Jasa Kesehatan dan Kegiatan Sosial,FEBRUARI,3576106.0,MARET,412809.0
SULAWESI UTARA,2025,"R,S,T,U Jasa Lainnya",FEBRUARI,2216470.0,MARET,412809.0
SULAWESI UTARA,2025,Total,FEBRUARI,3332950.0,MARET,412809.0
SULAWESI TENGAH,2025,"A Pertanian, Kehutanan dan Perikanan",FEBRUARI,2143868.0,MARET,468788.0
SULAWESI TENGAH,2025,B Pertambangan dan Penggalian,FEBRUARI,3916004.0,MARET,468788.0
SULAWESI TENGAH,2025,C Industri Pengolahan,FEBRUARI,4005552.0,MARET,468788.0
SULAWESI TENGAH,2025,D Pengadaan Listrik dan Gas,FEBRUARI,2876350.0,MARET,468788.0
SULAWESI TENGAH,2025,"E Pengadaan Air, Pengelolaan Sampah, Limbah dan Daur Ulang",FEBRUARI,2609059.0,MARET,468788.0
SULAWESI TENGAH,2025,F Konstruksi,FEBRUARI,3832136.0,MARET,468788.0
SULAWESI TENGAH,2025,"G Perdagangan Besar dan Eceran, Reparasi Mobil dan Sepeda Motor",FEBRUARI,1920580.0,MARET,468788.0
SULAWESI TENGAH,2025,H Transportasi dan Pergudangan,FEBRUARI,2768140.0,MARET,468788.0
SULAWESI TENGAH,2025,I Penyediaan Akomodasi dan Makan Minum,FEBRUARI,1376906.0,MARET,468788.0
SULAWESI TENGAH,2025,J Informasi dan Komunikasi,FEBRUARI,3229766.0,MARET,468788.0
SULAWESI TENGAH,2025,K Jasa Keuangan dan Asuransi,FEBRUARI,3577652.0,MARET,468788.0
SULAWESI TENGAH,2025,"M,N Jasa Perusahaan",FEBRUARI,2328633.0,MARET,468788.0
SULAWESI TENGAH,2025,"O Administrasi Pemerintahan, Pertahanan dan Jaminan Sosial Wajib",FEBRUARI,3202370.0,MARET,468788.0
SULAWESI TENGAH,2025,P Jasa Pendidikan,FEBRUARI,4005407.0,MARET,468788.0
SULAWESI TENGAH,2025,Q Jasa Kesehatan dan Kegiatan Sosial,FEBRUARI,2233493.0,MARET,468788.0
SULAWESI TENGAH,2025,"R,S,T,U Jasa Lainnya",FEBRUARI,1355167.0,MARET,468788.0
SULAWESI TENGAH,2025,Total,FEBRUARI,3077492.0,MARET,468788.0
SULAWESI SELATAN,2025,"A Pertanian, Kehutanan dan Perikanan",FEBRUARI,1919696.0,MARET,357943.0
SULAWESI SELATAN,2025,B Pertambangan dan Penggalian,FEBRUARI,7165308.0,MARET,357943.0
SULAWESI SELATAN,2025,C Industri Pengolahan,FEBRUARI,2269827.0,MARET,357943.0
SULAWESI SELATAN,2025,D Pengadaan Listrik dan Gas,FEBRUARI,4473691.0,MARET,357943.0
SULAWESI SELATAN,2025,"E Pengadaan Air, Pengelolaan Sampah, Limbah dan Daur Ulang",FEBRUARI,2850204.0,MARET,357943.0
SULAWESI SELATAN,2025,F Konstruksi,FEBRUARI,2587341.0,MARET,357943.0
SULAWESI SELATAN,2025,"G Perdagangan Besar dan Eceran, Reparasi Mobil dan Sepeda Motor",FEBRUARI,2481920.0,MARET,357943.0
SULAWESI SELATAN,2025,H Transportasi dan Pergudangan,FEBRUARI,4474649.0,MARET,357943.0
SULAWESI SELATAN,2025,I Penyediaan Akomodasi dan Makan Minum,FEBRUARI,1759235.0,MARET,357943.0
SULAWESI SELATAN,2025,J Informasi dan Komunikasi,FEBRUARI,2717737.0,MARET,357943.0
SULAWESI SELATAN,2025,K Jasa Keuangan dan Asuransi,FEBRUARI,4503724.0,MARET,357943.0
SULAWESI SELATAN,2025,L Real Estate,FEBRUARI,2381316.0,MARET,357943.0
SULAWESI SELATAN,2025,"M,N Jasa Perusahaan",FEBRUARI,3788640.0,MARET,357943.0
SULAWESI SELATAN,2025,"O Administrasi Pemerintahan, Pertahanan dan Jaminan Sosial Wajib",FEBRUARI,3590376.0,MARET,357943.0
SULAWESI SELATAN,2025,P Jasa Pendidikan,FEBRUARI,3102583.0,MARET,357943.0
SULAWESI SELATAN,2025,Q Jasa Kesehatan dan Kegiatan Sosial,FEBRUARI,2490672.0,MARET,357943.0
SULAWESI SELATAN,2025,"R,S,T,U Jasa Lainnya",FEBRUARI,1734427.0,MARET,357943.0
SULAWESI SELATAN,2025,Total,FEBRUARI,2956256.0,MARET,357943.0
SULAWESI TENGGARA,2025,"A Pertanian, Kehutanan dan Perikanan",FEBRUARI,2613808.0,MARET,364299.0
SULAWESI TENGGARA,2025,B Pertambangan dan Penggalian,FEBRUARI,4348823.0,MARET,364299.0
SULAWESI TENGGARA,2025,C Industri Pengolahan,FEBRUARI,2624556.0,MARET,364299.0
SULAWESI TENGGARA,2025,D Pengadaan Listrik dan Gas,FEBRUARI,5264766.0,MARET,364299.0
SULAWESI TENGGARA,2025,"E Pengadaan Air, Pengelolaan Sampah, Limbah dan Daur Ulang",FEBRUARI,1699251.0,MARET,364299.0
SULAWESI TENGGARA,2025,F Konstruksi,FEBRUARI,2839291.0,MARET,364299.0
SULAWESI TENGGARA,2025,"G Perdagangan Besar dan Eceran, Reparasi Mobil dan Sepeda Motor",FEBRUARI,2455587.0,MARET,364299.0
SULAWESI TENGGARA,2025,H Transportasi dan Pergudangan,FEBRUARI,3278745.0,MARET,364299.0
SULAWESI TENGGARA,2025,I Penyediaan Akomodasi dan Makan Minum,FEBRUARI,2290513.0,MARET,364299.0
SULAWESI TENGGARA,2025,J Informasi dan Komunikasi,FEBRUARI,4198579.0,MARET,364299.0
SULAWESI TENGGARA,2025,K Jasa Keuangan dan Asuransi,FEBRUARI,3644573.0,MARET,364299.0
SULAWESI TENGGARA,2025,"M,N Jasa Perusahaan",FEBRUARI,2775098.0,MARET,364299.0
SULAWESI TENGGARA,2025,"O Administrasi Pemerintahan, Pertahanan dan Jaminan Sosial Wajib",FEBRUARI,3085879.0,MARET,364299.0
SULAWESI TENGGARA,2025,P Jasa Pendidikan,FEBRUARI,3198090.0,MARET,364299.0
SULAWESI TENGGARA,2025,Q Jasa Kesehatan dan Kegiatan Sosial,FEBRUARI,2257471.0,MARET,364299.0
SULAWESI TENGGARA,2025,"R,S,T,U Jasa Lainnya",FEBRUARI,1232422.0,MARET,364299.0
SULAWESI TENGGARA,2025,Total,FEBRUARI,2928215.0,MARET,364299.0
GORONTALO,2025,"A Pertanian, Kehutanan dan Perikanan",FEBRUARI,1815333.0,MARET,384890.0
GORONTALO,2025,B Pertambangan dan Penggalian,FEBRUARI,5029766.0,MARET,384890.0
GORONTALO,2025,C Industri Pengolahan,FEBRUARI,2128599.0,MARET,384890.0
GORONTALO,2025,D Pengadaan Listrik dan Gas,FEBRUARI,4062676.0,MARET,384890.0
GORONTALO,2025,"E Pengadaan Air, Pengelolaan Sampah, Limbah dan Daur Ulang",FEBRUARI,2057715.0,MARET,384890.0
GORONTALO,2025,F Konstruksi,FEBRUARI,2417467.0,MARET,384890.0
GORONTALO,2025,"G Perdagangan Besar dan Eceran, Reparasi Mobil dan Sepeda Motor",FEBRUARI,2520013.0,MARET,384890.0
GORONTALO,2025,H Transportasi dan Pergudangan,FEBRUARI,2917403.0,MARET,384890.0
GORONTALO,2025,I Penyediaan Akomodasi dan Makan Minum,FEBRUARI,1394467.0,MARET,384890.0
GORONTALO,2025,J Informasi dan Komunikasi,FEBRUARI,1082952.0,MARET,384890.0
GORONTALO,2025,K Jasa Keuangan dan Asuransi,FEBRUARI,3247578.0,MARET,384890.0
GORONTALO,2025,"M,N Jasa Perusahaan",FEBRUARI,2139145.0,MARET,384890.0
GORONTALO,2025,"O Administrasi Pemerintahan, Pertahanan dan Jaminan Sosial Wajib",FEBRUARI,2987481.0,MARET,384890.0
GORONTALO,2025,P Jasa Pendidikan,FEBRUARI,3209570.0,MARET,384890.0
GORONTALO,2025,Q Jasa Kesehatan dan Kegiatan Sosial,FEBRUARI,1692012.0,MARET,384890.0
GORONTALO,2025,"R,S,T,U Jasa Lainnya",FEBRUARI,853246.0,MARET,384890.0
GORONTALO,2025,Total,FEBRUARI,2506904.0,MARET,384890.0
SULAWESI BARAT,2025,"A Pertanian, Kehutanan dan Perikanan",FEBRUARI,1357972.0,MARET,371048.0
SULAWESI BARAT,2025,C Industri Pengolahan,FEBRUARI,2049724.0,MARET,371048.0
SULAWESI BARAT,2025,D Pengadaan Listrik dan Gas,FEBRUARI,2511194.0,MARET,371048.0
SULAWESI BARAT,2025,"E Pengadaan Air, Pengelolaan Sampah, Limbah dan Daur Ulang",FEBRUARI,1357844.0,MARET,371048.0
SULAWESI BARAT,2025,F Konstruksi,FEBRUARI,2434752.0,MARET,371048.0
SULAWESI BARAT,2025,"G Perdagangan Besar dan Eceran, Reparasi Mobil dan Sepeda Motor",FEBRUARI,1619945.0,MARET,371048.0
SULAWESI BARAT,2025,H Transportasi dan Pergudangan,FEBRUARI,4165139.0,MARET,371048.0
SULAWESI BARAT,2025,I Penyediaan Akomodasi dan Makan Minum,FEBRUARI,1158737.0,MARET,371048.0
SULAWESI BARAT,2025,J Informasi dan Komunikasi,FEBRUARI,3863549.0,MARET,371048.0
SULAWESI BARAT,2025,K Jasa Keuangan dan Asuransi,FEBRUARI,2888602.0,MARET,371048.0
SULAWESI BARAT,2025,"M,N Jasa Perusahaan",FEBRUARI,2660126.0,MARET,371048.0
SULAWESI BARAT,2025,"O Administrasi Pemerintahan, Pertahanan dan Jaminan Sosial Wajib",FEBRUARI,3450372.0,MARET,371048.0
SULAWESI BARAT,2025,P Jasa Pendidikan,FEBRUARI,2661188.0,MARET,371048.0
SULAWESI BARAT,2025,Q Jasa Kesehatan dan Kegiatan Sosial,FEBRUARI,2577650.0,MARET,371048.0
SULAWESI BARAT,2025,"R,S,T,U Jasa Lainnya",FEBRUARI,1974074.0,MARET,371048.0
SULAWESI BARAT,2025,Total,FEBRUARI,2608578.0,MARET,371048.0
MALUKU,2025,"A Pertanian, Kehutanan dan Perikanan",FEBRUARI,2209253.0,MARET,554327.0
MALUKU,2025,B Pertambangan dan Penggalian,FEBRUARI,5328104.0,MARET,554327.0
MALUKU,2025,C Industri Pengolahan,FEBRUARI,2052163.0,MARET,554327.0
MALUKU,2025,D Pengadaan Listrik dan Gas,FEBRUARI,6934298.0,MARET,554327.0
MALUKU,2025,"E Pengadaan Air, Pengelolaan Sampah, Limbah dan Daur Ulang",FEBRUARI,2033980.0,MARET,554327.0
MALUKU,2025,F Konstruksi,FEBRUARI,2790697.0,MARET,554327.0
MALUKU,2025,"G Perdagangan Besar dan Eceran, Reparasi Mobil dan Sepeda Motor",FEBRUARI,2236087.0,MARET,554327.0
MALUKU,2025,H Transportasi dan Pergudangan,FEBRUARI,2227946.0,MARET,554327.0
MALUKU,2025,I Penyediaan Akomodasi dan Makan Minum,FEBRUARI,3288849.0,MARET,554327.0
MALUKU,2025,J Informasi dan Komunikasi,FEBRUARI,3216165.0,MARET,554327.0
MALUKU,2025,K Jasa Keuangan dan Asuransi,FEBRUARI,3147015.0,MARET,554327.0
MALUKU,2025,"M,N Jasa Perusahaan",FEBRUARI,5931466.0,MARET,554327.0
MALUKU,2025,"O Administrasi Pemerintahan, Pertahanan dan Jaminan Sosial Wajib",FEBRUARI,3324240.0,MARET,554327.0
MALUKU,2025,P Jasa Pendidikan,FEBRUARI,2505962.0,MARET,554327.0
MALUKU,2025,Q Jasa Kesehatan dan Kegiatan Sosial,FEBRUARI,2611553.0,MARET,554327.0
MALUKU,2025,"R,S,T,U Jasa Lainnya",FEBRUARI,1618032.0,MARET,554327.0
MALUKU,2025,Total,FEBRUARI,2866807.0,MARET,554327.0
MALUKU UTARA,2025,"A Pertanian, Kehutanan dan Perikanan",FEBRUARI,2077638.0,MARET,508021.0
MALUKU UTARA,2025,B Pertambangan dan Penggalian,FEBRUARI,6214463.0,MARET,508021.0
MALUKU UTARA,2025,C Industri Pengolahan,FEBRUARI,4432086.0,MARET,508021.0
MALUKU UTARA,2025,D Pengadaan Listrik dan Gas,FEBRUARI,4022953.0,MARET,508021.0
MALUKU UTARA,2025,F Konstruksi,FEBRUARI,3842881.0,MARET,508021.0
MALUKU UTARA,2025,"G Perdagangan Besar dan Eceran, Reparasi Mobil dan Sepeda Motor",FEBRUARI,2159604.0,MARET,508021.0
MALUKU UTARA,2025,H Transportasi dan Pergudangan,FEBRUARI,2701349.0,MARET,508021.0
MALUKU UTARA,2025,I Penyediaan Akomodasi dan Makan Minum,FEBRUARI,2564451.0,MARET,508021.0
MALUKU UTARA,2025,K Jasa Keuangan dan Asuransi,FEBRUARI,3414847.0,MARET,508021.0
MALUKU UTARA,2025,"M,N Jasa Perusahaan",FEBRUARI,1818123.0,MARET,508021.0
MALUKU UTARA,2025,"O Administrasi Pemerintahan, Pertahanan dan Jaminan Sosial Wajib",FEBRUARI,3821400.0,MARET,508021.0
MALUKU UTARA,2025,P Jasa Pendidikan,FEBRUARI,3381686.0,MARET,508021.0
MALUKU UTARA,2025,Q Jasa Kesehatan dan Kegiatan Sosial,FEBRUARI,2827651.0,MARET,508021.0
MALUKU UTARA,2025,"R,S,T,U Jasa Lainnya",FEBRUARI,1561323.0,MARET,508021.0
MALUKU UTARA,2025,Total,FEBRUARI,3666126.0,MARET,508021.0
PAPUA BARAT,2025,"A Pertanian, Kehutanan dan Perikanan",FEBRUARI,2241272.0,MARET,619054.0
PAPUA BARAT,2025,C Industri Pengolahan,FEBRUARI,3416080.0,MARET,619054.0
PAPUA BARAT,2025,D Pengadaan Listrik dan Gas,FEBRUARI,3397710.0,MARET,619054.0
PAPUA BARAT,2025,"E Pengadaan Air, Pengelolaan Sampah, Limbah dan Daur Ulang",FEBRUARI,1801697.0,MARET,619054.0
PAPUA BARAT,2025,F Konstruksi,FEBRUARI,4324175.0,MARET,619054.0
PAPUA BARAT,2025,"G Perdagangan Besar dan Eceran, Reparasi Mobil dan Sepeda Motor",FEBRUARI,2433288.0,MARET,619054.0
PAPUA BARAT,2025,H Transportasi dan Pergudangan,FEBRUARI,2649044.0,MARET,619054.0
PAPUA BARAT,2025,I Penyediaan Akomodasi dan Makan Minum,FEBRUARI,3427161.0,MARET,619054.0
PAPUA BARAT,2025,J Informasi dan Komunikasi,FEBRUARI,3077236.0,MARET,619054.0
PAPUA BARAT,2025,K Jasa Keuangan dan Asuransi,FEBRUARI,3499859.0,MARET,619054.0
PAPUA BARAT,2025,"M,N Jasa Perusahaan",FEBRUARI,2961877.0,MARET,619054.0
PAPUA BARAT,2025,"O Administrasi Pemerintahan, Pertahanan dan Jaminan Sosial Wajib",FEBRUARI,3852547.0,MARET,619054.0
PAPUA BARAT,2025,P Jasa Pendidikan,FEBRUARI,3625417.0,MARET,619054.0
PAPUA BARAT,2025,Q Jasa Kesehatan dan Kegiatan Sosial,FEBRUARI,3246092.0,MARET,619054.0
PAPUA BARAT,2025,"R,S,T,U Jasa Lainnya",FEBRUARI,2246053.0,MARET,619054.0
PAPUA BARAT,2025,Total,FEBRUARI,3459119.0,MARET,619054.0
PAPUA BARAT DAYA,2025,"A Pertanian, Kehutanan dan Perikanan",FEBRUARI,2633855.0,MARET,595233.0
PAPUA BARAT DAYA,2025,B Pertambangan dan Penggalian,FEBRUARI,9301825.0,MARET,595233.0
PAPUA BARAT DAYA,2025,C Industri Pengolahan,FEBRUARI,3280833.0,MARET,595233.0
PAPUA BARAT DAYA,2025,D Pengadaan Listrik dan Gas,FEBRUARI,5456013.0,MARET,595233.0
PAPUA BARAT DAYA,2025,F Konstruksi,FEBRUARI,3198870.0,MARET,595233.0
PAPUA BARAT DAYA,2025,"G Perdagangan Besar dan Eceran, Reparasi Mobil dan Sepeda Motor",FEBRUARI,3209207.0,MARET,595233.0
PAPUA BARAT DAYA,2025,H Transportasi dan Pergudangan,FEBRUARI,3377192.0,MARET,595233.0
PAPUA BARAT DAYA,2025,I Penyediaan Akomodasi dan Makan Minum,FEBRUARI,2181146.0,MARET,595233.0
PAPUA BARAT DAYA,2025,J Informasi dan Komunikasi,FEBRUARI,3046246.0,MARET,595233.0
PAPUA BARAT DAYA,2025,K Jasa Keuangan dan Asuransi,FEBRUARI,4300000.0,MARET,595233.0
PAPUA BARAT DAYA,2025,"M,N Jasa Perusahaan",FEBRUARI,3178438.0,MARET,595233.0
PAPUA BARAT DAYA,2025,"O Administrasi Pemerintahan, Pertahanan dan Jaminan Sosial Wajib",FEBRUARI,3481806.0,MARET,595233.0
PAPUA BARAT DAYA,2025,P Jasa Pendidikan,FEBRUARI,3456068.0,MARET,595233.0
PAPUA BARAT DAYA,2025,Q Jasa Kesehatan dan Kegiatan Sosial,FEBRUARI,3377832.0,MARET,595233.0
PAPUA BARAT DAYA,2025,"R,S,T,U Jasa Lainnya",FEBRUARI,2849442.0,MARET,595233.0
PAPUA BARAT DAYA,2025,Total,FEBRUARI,3644386.0,MARET,595233.0
PAPUA,2025,"A Pertanian, Kehutanan dan Perikanan",FEBRUARI,3194849.0,MARET,488906.0
PAPUA,2025,B Pertambangan dan Penggalian,FEBRUARI,4619776.0,MARET,488906.0
PAPUA,2025,C Industri Pengolahan,FEBRUARI,2886703.0,MARET,488906.0
PAPUA,2025,D Pengadaan Listrik dan Gas,FEBRUARI,4815704.0,MARET,488906.0
PAPUA,2025,F Konstruksi,FEBRUARI,3154949.0,MARET,488906.0
PAPUA,2025,"G Perdagangan Besar dan Eceran, Reparasi Mobil dan Sepeda Motor",FEBRUARI,3762507.0,MARET,488906.0
PAPUA,2025,H Transportasi dan Pergudangan,FEBRUARI,2378473.0,MARET,488906.0
PAPUA,2025,I Penyediaan Akomodasi dan Makan Minum,FEBRUARI,5132174.0,MARET,488906.0
PAPUA,2025,J Informasi dan Komunikasi,FEBRUARI,4805320.0,MARET,488906.0
PAPUA,2025,K Jasa Keuangan dan Asuransi,FEBRUARI,5479091.0,MARET,488906.0
PAPUA,2025,"M,N Jasa Perusahaan",FEBRUARI,4195521.0,MARET,488906.0
PAPUA,2025,"O Administrasi Pemerintahan, Pertahanan dan Jaminan Sosial Wajib",FEBRUARI,4448848.0,MARET,488906.0
PAPUA,2025,P Jasa Pendidikan,FEBRUARI,4036817.0,MARET,488906.0
PAPUA,2025,Q Jasa Kesehatan dan Kegiatan Sosial,FEBRUARI,3388391.0,MARET,488906.0
PAPUA,2025,"R,S,T,U Jasa Lainnya",FEBRUARI,2681829.0,MARET,488906.0
PAPUA,2025,Total,FEBRUARI,3984589.0,MARET,488906.0
PAPUA SELATAN,2025,"A Pertanian, Kehutanan dan Perikanan",FEBRUARI,4332132.0,MARET,432733.0
PAPUA SELATAN,2025,C Industri Pengolahan,FEBRUARI,3112020.0,MARET,432733.0
PAPUA SELATAN,2025,D Pengadaan Listrik dan Gas,FEBRUARI,4483736.0,MARET,432733.0
PAPUA SELATAN,2025,F Konstruksi,FEBRUARI,3360988.0,MARET,432733.0
PAPUA SELATAN,2025,"G Perdagangan Besar dan Eceran, Reparasi Mobil dan Sepeda Motor",FEBRUARI,2815305.0,MARET,432733.0
PAPUA SELATAN,2025,H Transportasi dan Pergudangan,FEBRUARI,3782595.0,MARET,432733.0
PAPUA SELATAN,2025,I Penyediaan Akomodasi dan Makan Minum,FEBRUARI,2581495.0,MARET,432733.0
PAPUA SELATAN,2025,K Jasa Keuangan dan Asuransi,FEBRUARI,2802419.0,MARET,432733.0
PAPUA SELATAN,2025,"O Administrasi Pemerintahan, Pertahanan dan Jaminan Sosial Wajib",FEBRUARI,4361952.0,MARET,432733.0
PAPUA SELATAN,2025,P Jasa Pendidikan,FEBRUARI,3579906.0,MARET,432733.0
PAPUA SELATAN,2025,Q Jasa Kesehatan dan Kegiatan Sosial,FEBRUARI,3584153.0,MARET,432733.0
PAPUA SELATAN,2025,"R,S,T,U Jasa Lainnya",FEBRUARI,2790292.0,MARET,432733.0
PAPUA SELATAN,2025,Total,FEBRUARI,3865415.0,MARET,432733.0
PAPUA TENGAH,2025,"A Pertanian, Kehutanan dan Perikanan",FEBRUARI,3796940.0,MARET,625920.0
PAPUA TENGAH,2025,B Pertambangan dan Penggalian,FEBRUARI,13111551.0,MARET,625920.0
PAPUA TENGAH,2025,C Industri Pengolahan,FEBRUARI,2147445.0,MARET,625920.0
PAPUA TENGAH,2025,F Konstruksi,FEBRUARI,4788829.0,MARET,625920.0
PAPUA TENGAH,2025,"G Perdagangan Besar dan Eceran, Reparasi Mobil dan Sepeda Motor",FEBRUARI,2154597.0,MARET,625920.0
PAPUA TENGAH,2025,H Transportasi dan Pergudangan,FEBRUARI,3400000.0,MARET,625920.0
PAPUA TENGAH,2025,I Penyediaan Akomodasi dan Makan Minum,FEBRUARI,2841306.0,MARET,625920.0
PAPUA TENGAH,2025,K Jasa Keuangan dan Asuransi,FEBRUARI,1800000.0,MARET,625920.0
PAPUA TENGAH,2025,"M,N Jasa Perusahaan",FEBRUARI,3554508.0,MARET,625920.0
PAPUA TENGAH,2025,"O Administrasi Pemerintahan, Pertahanan dan Jaminan Sosial Wajib",FEBRUARI,3916570.0,MARET,625920.0
PAPUA TENGAH,2025,P Jasa Pendidikan,FEBRUARI,2792177.0,MARET,625920.0
PAPUA TENGAH,2025,Q Jasa Kesehatan dan Kegiatan Sosial,FEBRUARI,4143997.0,MARET,625920.0
PAPUA TENGAH,2025,"R,S,T,U Jasa Lainnya",FEBRUARI,2546686.0,MARET,625920.0
PAPUA TENGAH,2025,Total,FEBRUARI,4747826.0,MARET,625920.0
PAPUA PEGUNUNGAN,2025,"A Pertanian, Kehutanan dan Perikanan",FEBRUARI,1004088.0,MARET,862027.0
PAPUA PEGUNUNGAN,2025,F Konstruksi,FEBRUARI,3107547.0,MARET,862027.0
PAPUA PEGUNUNGAN,2025,"G Perdagangan Besar dan Eceran, Reparasi Mobil dan Sepeda Motor",FEBRUARI,3010288.0,MARET,862027.0
PAPUA PEGUNUNGAN,2025,H Transportasi dan Pergudangan,FEBRUARI,3282332.0,MARET,862027.0
PAPUA PEGUNUNGAN,2025,I Penyediaan Akomodasi dan Makan Minum,FEBRUARI,2945026.0,MARET,862027.0
PAPUA PEGUNUNGAN,2025,J Informasi dan Komunikasi,FEBRUARI,4740374.0,MARET,862027.0
PAPUA PEGUNUNGAN,2025,K Jasa Keuangan dan Asuransi,FEBRUARI,3057102.0,MARET,862027.0
PAPUA PEGUNUNGAN,2025,"O Administrasi Pemerintahan, Pertahanan dan Jaminan Sosial Wajib",FEBRUARI,4281424.0,MARET,862027.0
PAPUA PEGUNUNGAN,2025,P Jasa Pendidikan,FEBRUARI,4240400.0,MARET,862027.0
PAPUA PEGUNUNGAN,2025,Q Jasa Kesehatan dan Kegiatan Sosial,FEBRUARI,4525119.0,MARET,862027.0
PAPUA PEGUNUNGAN,2025,"R,S,T,U Jasa Lainnya",FEBRUARI,2986070.0,MARET,862027.0
PAPUA PEGUNUNGAN,2025,Total,FEBRUARI,4133474.0,MARET,862027.0
ACEH,2025,"A Pertanian, Kehutanan dan Perikanan",AGUSTUS,2485852.0,SEPTEMBER,547511.0
ACEH,2025,B Pertambangan dan Penggalian,AGUSTUS,4283385.0,SEPTEMBER,547511.0
ACEH,2025,C Industri Pengolahan,AGUSTUS,2081748.0,SEPTEMBER,547511.0
ACEH,2025,D Pengadaan Listrik dan Gas,AGUSTUS,4339764.0,SEPTEMBER,547511.0
ACEH,2025,"E Pengadaan Air, Pengelolaan Sampah, Limbah dan Daur Ulang",AGUSTUS,2950814.0,SEPTEMBER,547511.0
ACEH,2025,F Konstruksi,AGUSTUS,2819702.0,SEPTEMBER,547511.0
ACEH,2025,"G Perdagangan Besar dan Eceran, Reparasi Mobil dan Sepeda Motor",AGUSTUS,2082730.0,SEPTEMBER,547511.0
ACEH,2025,H Transportasi dan Pergudangan,AGUSTUS,2552742.0,SEPTEMBER,547511.0
ACEH,2025,I Penyediaan Akomodasi dan Makan Minum,AGUSTUS,1712823.0,SEPTEMBER,547511.0
ACEH,2025,J Informasi dan Komunikasi,AGUSTUS,2482265.0,SEPTEMBER,547511.0
ACEH,2025,K Jasa Keuangan dan Asuransi,AGUSTUS,4202790.0,SEPTEMBER,547511.0
ACEH,2025,"M,N Jasa Perusahaan",AGUSTUS,3110531.0,SEPTEMBER,547511.0
ACEH,2025,"O Administrasi Pemerintahan, Pertahanan dan Jaminan Sosial Wajib",AGUSTUS,3844157.0,SEPTEMBER,547511.0
ACEH,2025,P Jasa Pendidikan,AGUSTUS,2908891.0,SEPTEMBER,547511.0
ACEH,2025,Q Jasa Kesehatan dan Kegiatan Sosial,AGUSTUS,2606276.0,SEPTEMBER,547511.0
ACEH,2025,"R,S,T,U Jasa Lainnya",AGUSTUS,1515839.0,SEPTEMBER,547511.0
ACEH,2025,Total,AGUSTUS,2837520.0,SEPTEMBER,547511.0
SUMATERA UTARA,2025,"A Pertanian, Kehutanan dan Perikanan",AGUSTUS,2461841.0,SEPTEMBER,551093.0
SUMATERA UTARA,2025,B Pertambangan dan Penggalian,AGUSTUS,3049467.0,SEPTEMBER,551093.0
SUMATERA UTARA,2025,C Industri Pengolahan,AGUSTUS,2950580.0,SEPTEMBER,551093.0
SUMATERA UTARA,2025,D Pengadaan Listrik dan Gas,AGUSTUS,6388320.0,SEPTEMBER,551093.0
SUMATERA UTARA,2025,"E Pengadaan Air, Pengelolaan Sampah, Limbah dan Daur Ulang",AGUSTUS,2314525.0,SEPTEMBER,551093.0
SUMATERA UTARA,2025,F Konstruksi,AGUSTUS,3108661.0,SEPTEMBER,551093.0
SUMATERA UTARA,2025,"G Perdagangan Besar dan Eceran, Reparasi Mobil dan Sepeda Motor",AGUSTUS,2487167.0,SEPTEMBER,551093.0
SUMATERA UTARA,2025,H Transportasi dan Pergudangan,AGUSTUS,3550371.0,SEPTEMBER,551093.0
SUMATERA UTARA,2025,I Penyediaan Akomodasi dan Makan Minum,AGUSTUS,2044775.0,SEPTEMBER,551093.0
SUMATERA UTARA,2025,J Informasi dan Komunikasi,AGUSTUS,2921266.0,SEPTEMBER,551093.0
SUMATERA UTARA,2025,K Jasa Keuangan dan Asuransi,AGUSTUS,3401220.0,SEPTEMBER,551093.0
SUMATERA UTARA,2025,L Real Estate,AGUSTUS,3034030.0,SEPTEMBER,551093.0
SUMATERA UTARA,2025,"M,N Jasa Perusahaan",AGUSTUS,3224561.0,SEPTEMBER,551093.0
SUMATERA UTARA,2025,"O Administrasi Pemerintahan, Pertahanan dan Jaminan Sosial Wajib",AGUSTUS,3574122.0,SEPTEMBER,551093.0
SUMATERA UTARA,2025,P Jasa Pendidikan,AGUSTUS,2711609.0,SEPTEMBER,551093.0
SUMATERA UTARA,2025,Q Jasa Kesehatan dan Kegiatan Sosial,AGUSTUS,3319672.0,SEPTEMBER,551093.0
SUMATERA UTARA,2025,"R,S,T,U Jasa Lainnya",AGUSTUS,1550704.0,SEPTEMBER,551093.0
SUMATERA UTARA,2025,Total,AGUSTUS,2815066.0,SEPTEMBER,551093.0
SUMATERA BARAT,2025,"A Pertanian, Kehutanan dan Perikanan",AGUSTUS,2233507.0,SEPTEMBER,592911.0
SUMATERA BARAT,2025,B Pertambangan dan Penggalian,AGUSTUS,3497048.0,SEPTEMBER,592911.0
SUMATERA BARAT,2025,C Industri Pengolahan,AGUSTUS,2215561.0,SEPTEMBER,592911.0
SUMATERA BARAT,2025,D Pengadaan Listrik dan Gas,AGUSTUS,4075375.0,SEPTEMBER,592911.0
SUMATERA BARAT,2025,"E Pengadaan Air, Pengelolaan Sampah, Limbah dan Daur Ulang",AGUSTUS,3217644.0,SEPTEMBER,592911.0
SUMATERA BARAT,2025,F Konstruksi,AGUSTUS,2640831.0,SEPTEMBER,592911.0
SUMATERA BARAT,2025,"G Perdagangan Besar dan Eceran, Reparasi Mobil dan Sepeda Motor",AGUSTUS,2287647.0,SEPTEMBER,592911.0
SUMATERA BARAT,2025,H Transportasi dan Pergudangan,AGUSTUS,3258616.0,SEPTEMBER,592911.0
SUMATERA BARAT,2025,I Penyediaan Akomodasi dan Makan Minum,AGUSTUS,2116034.0,SEPTEMBER,592911.0
SUMATERA BARAT,2025,J Informasi dan Komunikasi,AGUSTUS,2190553.0,SEPTEMBER,592911.0
SUMATERA BARAT,2025,K Jasa Keuangan dan Asuransi,AGUSTUS,4398979.0,SEPTEMBER,592911.0
SUMATERA BARAT,2025,L Real Estate,AGUSTUS,3827618.0,SEPTEMBER,592911.0
SUMATERA BARAT,2025,"M,N Jasa Perusahaan",AGUSTUS,2482046.0,SEPTEMBER,592911.0
SUMATERA BARAT,2025,"O Administrasi Pemerintahan, Pertahanan dan Jaminan Sosial Wajib",AGUSTUS,4017507.0,SEPTEMBER,592911.0
SUMATERA BARAT,2025,P Jasa Pendidikan,AGUSTUS,3244211.0,SEPTEMBER,592911.0
SUMATERA BARAT,2025,Q Jasa Kesehatan dan Kegiatan Sosial,AGUSTUS,3160689.0,SEPTEMBER,592911.0
SUMATERA BARAT,2025,"R,S,T,U Jasa Lainnya",AGUSTUS,1727400.0,SEPTEMBER,592911.0
SUMATERA BARAT,2025,Total,AGUSTUS,2911450.0,SEPTEMBER,592911.0
RIAU,2025,"A Pertanian, Kehutanan dan Perikanan",AGUSTUS,2913134.0,SEPTEMBER,549211.0
RIAU,2025,B Pertambangan dan Penggalian,AGUSTUS,5053725.0,SEPTEMBER,549211.0
RIAU,2025,C Industri Pengolahan,AGUSTUS,3678722.0,SEPTEMBER,549211.0
RIAU,2025,D Pengadaan Listrik dan Gas,AGUSTUS,4436623.0,SEPTEMBER,549211.0
RIAU,2025,"E Pengadaan Air, Pengelolaan Sampah, Limbah dan Daur Ulang",AGUSTUS,2968891.0,SEPTEMBER,549211.0
RIAU,2025,F Konstruksi,AGUSTUS,3377050.0,SEPTEMBER,549211.0
RIAU,2025,"G Perdagangan Besar dan Eceran, Reparasi Mobil dan Sepeda Motor",AGUSTUS,2588447.0,SEPTEMBER,549211.0
RIAU,2025,H Transportasi dan Pergudangan,AGUSTUS,3333202.0,SEPTEMBER,549211.0
RIAU,2025,I Penyediaan Akomodasi dan Makan Minum,AGUSTUS,2055447.0,SEPTEMBER,549211.0
RIAU,2025,J Informasi dan Komunikasi,AGUSTUS,3016618.0,SEPTEMBER,549211.0
RIAU,2025,K Jasa Keuangan dan Asuransi,AGUSTUS,4001807.0,SEPTEMBER,549211.0
RIAU,2025,L Real Estate,AGUSTUS,5877115.0,SEPTEMBER,549211.0
RIAU,2025,"M,N Jasa Perusahaan",AGUSTUS,3237918.0,SEPTEMBER,549211.0
RIAU,2025,"O Administrasi Pemerintahan, Pertahanan dan Jaminan Sosial Wajib",AGUSTUS,3695284.0,SEPTEMBER,549211.0
RIAU,2025,P Jasa Pendidikan,AGUSTUS,3125295.0,SEPTEMBER,549211.0
RIAU,2025,Q Jasa Kesehatan dan Kegiatan Sosial,AGUSTUS,3436376.0,SEPTEMBER,549211.0
RIAU,2025,"R,S,T,U Jasa Lainnya",AGUSTUS,1754062.0,SEPTEMBER,549211.0
RIAU,2025,Total,AGUSTUS,3144261.0,SEPTEMBER,549211.0
JAMBI,2025,"A Pertanian, Kehutanan dan Perikanan",AGUSTUS,2374063.0,SEPTEMBER,542466.0
JAMBI,2025,B Pertambangan dan Penggalian,AGUSTUS,4835163.0,SEPTEMBER,542466.0
JAMBI,2025,C Industri Pengolahan,AGUSTUS,3056052.0,SEPTEMBER,542466.0
JAMBI,2025,D Pengadaan Listrik dan Gas,AGUSTUS,4155688.0,SEPTEMBER,542466.0
JAMBI,2025,"E Pengadaan Air, Pengelolaan Sampah, Limbah dan Daur Ulang",AGUSTUS,3454516.0,SEPTEMBER,542466.0
JAMBI,2025,F Konstruksi,AGUSTUS,2738337.0,SEPTEMBER,542466.0
JAMBI,2025,"G Perdagangan Besar dan Eceran, Reparasi Mobil dan Sepeda Motor",AGUSTUS,2609235.0,SEPTEMBER,542466.0
JAMBI,2025,H Transportasi dan Pergudangan,AGUSTUS,3035742.0,SEPTEMBER,542466.0
JAMBI,2025,I Penyediaan Akomodasi dan Makan Minum,AGUSTUS,1781155.0,SEPTEMBER,542466.0
JAMBI,2025,J Informasi dan Komunikasi,AGUSTUS,3611862.0,SEPTEMBER,542466.0
JAMBI,2025,K Jasa Keuangan dan Asuransi,AGUSTUS,3715284.0,SEPTEMBER,542466.0
JAMBI,2025,L Real Estate,AGUSTUS,4941026.0,SEPTEMBER,542466.0
JAMBI,2025,"M,N Jasa Perusahaan",AGUSTUS,3369494.0,SEPTEMBER,542466.0
JAMBI,2025,"O Administrasi Pemerintahan, Pertahanan dan Jaminan Sosial Wajib",AGUSTUS,3489398.0,SEPTEMBER,542466.0
JAMBI,2025,P Jasa Pendidikan,AGUSTUS,3078673.0,SEPTEMBER,542466.0
JAMBI,2025,Q Jasa Kesehatan dan Kegiatan Sosial,AGUSTUS,3124730.0,SEPTEMBER,542466.0
JAMBI,2025,"R,S,T,U Jasa Lainnya",AGUSTUS,1460557.0,SEPTEMBER,542466.0
JAMBI,2025,Total,AGUSTUS,2975646.0,SEPTEMBER,542466.0
SUMATERA SELATAN,2025,"A Pertanian, Kehutanan dan Perikanan",AGUSTUS,2340552.0,SEPTEMBER,458362.0
SUMATERA SELATAN,2025,B Pertambangan dan Penggalian,AGUSTUS,6788283.0,SEPTEMBER,458362.0
SUMATERA SELATAN,2025,C Industri Pengolahan,AGUSTUS,2947638.0,SEPTEMBER,458362.0
SUMATERA SELATAN,2025,D Pengadaan Listrik dan Gas,AGUSTUS,4802398.0,SEPTEMBER,458362.0
SUMATERA SELATAN,2025,"E Pengadaan Air, Pengelolaan Sampah, Limbah dan Daur Ulang",AGUSTUS,3889603.0,SEPTEMBER,458362.0
SUMATERA SELATAN,2025,F Konstruksi,AGUSTUS,2742058.0,SEPTEMBER,458362.0
SUMATERA SELATAN,2025,"G Perdagangan Besar dan Eceran, Reparasi Mobil dan Sepeda Motor",AGUSTUS,2549753.0,SEPTEMBER,458362.0
SUMATERA SELATAN,2025,H Transportasi dan Pergudangan,AGUSTUS,3412918.0,SEPTEMBER,458362.0
SUMATERA SELATAN,2025,I Penyediaan Akomodasi dan Makan Minum,AGUSTUS,2347259.0,SEPTEMBER,458362.0
SUMATERA SELATAN,2025,J Informasi dan Komunikasi,AGUSTUS,4910593.0,SEPTEMBER,458362.0
SUMATERA SELATAN,2025,K Jasa Keuangan dan Asuransi,AGUSTUS,4251000.0,SEPTEMBER,458362.0
SUMATERA SELATAN,2025,L Real Estate,AGUSTUS,3154628.0,SEPTEMBER,458362.0
SUMATERA SELATAN,2025,"M,N Jasa Perusahaan",AGUSTUS,2999888.0,SEPTEMBER,458362.0
SUMATERA SELATAN,2025,"O Administrasi Pemerintahan, Pertahanan dan Jaminan Sosial Wajib",AGUSTUS,3763221.0,SEPTEMBER,458362.0
SUMATERA SELATAN,2025,P Jasa Pendidikan,AGUSTUS,2951370.0,SEPTEMBER,458362.0
SUMATERA SELATAN,2025,Q Jasa Kesehatan dan Kegiatan Sosial,AGUSTUS,3400424.0,SEPTEMBER,458362.0
SUMATERA SELATAN,2025,"R,S,T,U Jasa Lainnya",AGUSTUS,1512827.0,SEPTEMBER,458362.0
SUMATERA SELATAN,2025,Total,AGUSTUS,3015055.0,SEPTEMBER,458362.0
BENGKULU,2025,"A Pertanian, Kehutanan dan Perikanan",AGUSTUS,2285360.0,SEPTEMBER,524945.0
BENGKULU,2025,B Pertambangan dan Penggalian,AGUSTUS,4128387.0,SEPTEMBER,524945.0
BENGKULU,2025,C Industri Pengolahan,AGUSTUS,2197537.0,SEPTEMBER,524945.0
BENGKULU,2025,D Pengadaan Listrik dan Gas,AGUSTUS,3512393.0,SEPTEMBER,524945.0
BENGKULU,2025,"E Pengadaan Air, Pengelolaan Sampah, Limbah dan Daur Ulang",AGUSTUS,2000908.0,SEPTEMBER,524945.0
BENGKULU,2025,F Konstruksi,AGUSTUS,2552530.0,SEPTEMBER,524945.0
BENGKULU,2025,"G Perdagangan Besar dan Eceran, Reparasi Mobil dan Sepeda Motor",AGUSTUS,2409178.0,SEPTEMBER,524945.0
BENGKULU,2025,H Transportasi dan Pergudangan,AGUSTUS,3061786.0,SEPTEMBER,524945.0
BENGKULU,2025,I Penyediaan Akomodasi dan Makan Minum,AGUSTUS,1768884.0,SEPTEMBER,524945.0
BENGKULU,2025,J Informasi dan Komunikasi,AGUSTUS,2571186.0,SEPTEMBER,524945.0
BENGKULU,2025,K Jasa Keuangan dan Asuransi,AGUSTUS,4227697.0,SEPTEMBER,524945.0
BENGKULU,2025,L Real Estate,AGUSTUS,2204762.0,SEPTEMBER,524945.0
BENGKULU,2025,"M,N Jasa Perusahaan",AGUSTUS,2887227.0,SEPTEMBER,524945.0
BENGKULU,2025,"O Administrasi Pemerintahan, Pertahanan dan Jaminan Sosial Wajib",AGUSTUS,3925552.0,SEPTEMBER,524945.0
BENGKULU,2025,P Jasa Pendidikan,AGUSTUS,3172068.0,SEPTEMBER,524945.0
BENGKULU,2025,Q Jasa Kesehatan dan Kegiatan Sosial,AGUSTUS,2922665.0,SEPTEMBER,524945.0
BENGKULU,2025,"R,S,T,U Jasa Lainnya",AGUSTUS,1388374.0,SEPTEMBER,524945.0
BENGKULU,2025,Total,AGUSTUS,2935681.0,SEPTEMBER,524945.0
LAMPUNG,2025,"A Pertanian, Kehutanan dan Perikanan",AGUSTUS,2120609.0,SEPTEMBER,476550.0
LAMPUNG,2025,B Pertambangan dan Penggalian,AGUSTUS,2678529.0,SEPTEMBER,476550.0
LAMPUNG,2025,C Industri Pengolahan,AGUSTUS,2499331.0,SEPTEMBER,476550.0
LAMPUNG,2025,D Pengadaan Listrik dan Gas,AGUSTUS,5094666.0,SEPTEMBER,476550.0
LAMPUNG,2025,"E Pengadaan Air, Pengelolaan Sampah, Limbah dan Daur Ulang",AGUSTUS,1246190.0,SEPTEMBER,476550.0
LAMPUNG,2025,F Konstruksi,AGUSTUS,2565775.0,SEPTEMBER,476550.0
LAMPUNG,2025,"G Perdagangan Besar dan Eceran, Reparasi Mobil dan Sepeda Motor",AGUSTUS,2067373.0,SEPTEMBER,476550.0
LAMPUNG,2025,H Transportasi dan Pergudangan,AGUSTUS,2945142.0,SEPTEMBER,476550.0
LAMPUNG,2025,I Penyediaan Akomodasi dan Makan Minum,AGUSTUS,1897151.0,SEPTEMBER,476550.0
LAMPUNG,2025,J Informasi dan Komunikasi,AGUSTUS,2458511.0,SEPTEMBER,476550.0
LAMPUNG,2025,K Jasa Keuangan dan Asuransi,AGUSTUS,4054197.0,SEPTEMBER,476550.0
LAMPUNG,2025,L Real Estate,AGUSTUS,2635600.0,SEPTEMBER,476550.0
LAMPUNG,2025,"M,N Jasa Perusahaan",AGUSTUS,2332184.0,SEPTEMBER,476550.0
LAMPUNG,2025,"O Administrasi Pemerintahan, Pertahanan dan Jaminan Sosial Wajib",AGUSTUS,4027295.0,SEPTEMBER,476550.0
LAMPUNG,2025,P Jasa Pendidikan,AGUSTUS,2522803.0,SEPTEMBER,476550.0
LAMPUNG,2025,Q Jasa Kesehatan dan Kegiatan Sosial,AGUSTUS,2615104.0,SEPTEMBER,476550.0
LAMPUNG,2025,"R,S,T,U Jasa Lainnya",AGUSTUS,1606989.0,SEPTEMBER,476550.0
LAMPUNG,2025,Total,AGUSTUS,2520619.0,SEPTEMBER,476550.0
KEP. BANGKA BELITUNG,2025,"A Pertanian, Kehutanan dan Perikanan",AGUSTUS,2930892.0,SEPTEMBER,728155.0
KEP. BANGKA BELITUNG,2025,B Pertambangan dan Penggalian,AGUSTUS,3042497.0,SEPTEMBER,728155.0
KEP. BANGKA BELITUNG,2025,C Industri Pengolahan,AGUSTUS,3180123.0,SEPTEMBER,728155.0
KEP. BANGKA BELITUNG,2025,D Pengadaan Listrik dan Gas,AGUSTUS,5099572.0,SEPTEMBER,728155.0
KEP. BANGKA BELITUNG,2025,"E Pengadaan Air, Pengelolaan Sampah, Limbah dan Daur Ulang",AGUSTUS,4299928.0,SEPTEMBER,728155.0
KEP. BANGKA BELITUNG,2025,F Konstruksi,AGUSTUS,3165238.0,SEPTEMBER,728155.0
KEP. BANGKA BELITUNG,2025,"G Perdagangan Besar dan Eceran, Reparasi Mobil dan Sepeda Motor",AGUSTUS,2702944.0,SEPTEMBER,728155.0
KEP. BANGKA BELITUNG,2025,H Transportasi dan Pergudangan,AGUSTUS,3435014.0,SEPTEMBER,728155.0
KEP. BANGKA BELITUNG,2025,I Penyediaan Akomodasi dan Makan Minum,AGUSTUS,2204082.0,SEPTEMBER,728155.0
KEP. BANGKA BELITUNG,2025,J Informasi dan Komunikasi,AGUSTUS,2388889.0,SEPTEMBER,728155.0
KEP. BANGKA BELITUNG,2025,K Jasa Keuangan dan Asuransi,AGUSTUS,4260228.0,SEPTEMBER,728155.0
KEP. BANGKA BELITUNG,2025,"M,N Jasa Perusahaan",AGUSTUS,4325847.0,SEPTEMBER,728155.0
KEP. BANGKA BELITUNG,2025,"O Administrasi Pemerintahan, Pertahanan dan Jaminan Sosial Wajib",AGUSTUS,4299944.0,SEPTEMBER,728155.0
KEP. BANGKA BELITUNG,2025,P Jasa Pendidikan,AGUSTUS,3439069.0,SEPTEMBER,728155.0
KEP. BANGKA BELITUNG,2025,Q Jasa Kesehatan dan Kegiatan Sosial,AGUSTUS,3254135.0,SEPTEMBER,728155.0
KEP. BANGKA BELITUNG,2025,"R,S,T,U Jasa Lainnya",AGUSTUS,1599358.0,SEPTEMBER,728155.0
KEP. BANGKA BELITUNG,2025,Total,AGUSTUS,3202690.0,SEPTEMBER,728155.0
KEP. RIAU,2025,"A Pertanian, Kehutanan dan Perikanan",AGUSTUS,2827558.0,SEPTEMBER,602348.0
KEP. RIAU,2025,B Pertambangan dan Penggalian,AGUSTUS,5631004.0,SEPTEMBER,602348.0
KEP. RIAU,2025,C Industri Pengolahan,AGUSTUS,5621443.0,SEPTEMBER,602348.0
KEP. RIAU,2025,D Pengadaan Listrik dan Gas,AGUSTUS,5516969.0,SEPTEMBER,602348.0
KEP. RIAU,2025,"E Pengadaan Air, Pengelolaan Sampah, Limbah dan Daur Ulang",AGUSTUS,4519622.0,SEPTEMBER,602348.0
KEP. RIAU,2025,F Konstruksi,AGUSTUS,3955038.0,SEPTEMBER,602348.0
KEP. RIAU,2025,"G Perdagangan Besar dan Eceran, Reparasi Mobil dan Sepeda Motor",AGUSTUS,3784737.0,SEPTEMBER,602348.0
KEP. RIAU,2025,H Transportasi dan Pergudangan,AGUSTUS,6708643.0,SEPTEMBER,602348.0
KEP. RIAU,2025,I Penyediaan Akomodasi dan Makan Minum,AGUSTUS,3365723.0,SEPTEMBER,602348.0
KEP. RIAU,2025,J Informasi dan Komunikasi,AGUSTUS,4364916.0,SEPTEMBER,602348.0
KEP. RIAU,2025,K Jasa Keuangan dan Asuransi,AGUSTUS,6914295.0,SEPTEMBER,602348.0
KEP. RIAU,2025,L Real Estate,AGUSTUS,4596304.0,SEPTEMBER,602348.0
KEP. RIAU,2025,"M,N Jasa Perusahaan",AGUSTUS,4297690.0,SEPTEMBER,602348.0
KEP. RIAU,2025,"O Administrasi Pemerintahan, Pertahanan dan Jaminan Sosial Wajib",AGUSTUS,5633633.0,SEPTEMBER,602348.0
KEP. RIAU,2025,P Jasa Pendidikan,AGUSTUS,3503486.0,SEPTEMBER,602348.0
KEP. RIAU,2025,Q Jasa Kesehatan dan Kegiatan Sosial,AGUSTUS,5858398.0,SEPTEMBER,602348.0
KEP. RIAU,2025,"R,S,T,U Jasa Lainnya",AGUSTUS,3098675.0,SEPTEMBER,602348.0
KEP. RIAU,2025,Total,AGUSTUS,4768990.0,SEPTEMBER,602348.0
DKI JAKARTA,2025,"A Pertanian, Kehutanan dan Perikanan",AGUSTUS,3176242.0,SEPTEMBER,622175.0
DKI JAKARTA,2025,B Pertambangan dan Penggalian,AGUSTUS,12607721.0,SEPTEMBER,622175.0
DKI JAKARTA,2025,C Industri Pengolahan,AGUSTUS,5451117.0,SEPTEMBER,622175.0
DKI JAKARTA,2025,D Pengadaan Listrik dan Gas,AGUSTUS,6611995.0,SEPTEMBER,622175.0
DKI JAKARTA,2025,"E Pengadaan Air, Pengelolaan Sampah, Limbah dan Daur Ulang",AGUSTUS,4478054.0,SEPTEMBER,622175.0
DKI JAKARTA,2025,F Konstruksi,AGUSTUS,5899078.0,SEPTEMBER,622175.0
DKI JAKARTA,2025,"G Perdagangan Besar dan Eceran, Reparasi Mobil dan Sepeda Motor",AGUSTUS,5377298.0,SEPTEMBER,622175.0
DKI JAKARTA,2025,H Transportasi dan Pergudangan,AGUSTUS,6071536.0,SEPTEMBER,622175.0
DKI JAKARTA,2025,I Penyediaan Akomodasi dan Makan Minum,AGUSTUS,4495401.0,SEPTEMBER,622175.0
DKI JAKARTA,2025,J Informasi dan Komunikasi,AGUSTUS,7941786.0,SEPTEMBER,622175.0
DKI JAKARTA,2025,K Jasa Keuangan dan Asuransi,AGUSTUS,10039680.0,SEPTEMBER,622175.0
DKI JAKARTA,2025,L Real Estate,AGUSTUS,5184560.0,SEPTEMBER,622175.0
DKI JAKARTA,2025,"M,N Jasa Perusahaan",AGUSTUS,7721738.0,SEPTEMBER,622175.0
DKI JAKARTA,2025,"O Administrasi Pemerintahan, Pertahanan dan Jaminan Sosial Wajib",AGUSTUS,7552802.0,SEPTEMBER,622175.0
DKI JAKARTA,2025,P Jasa Pendidikan,AGUSTUS,5353976.0,SEPTEMBER,622175.0
DKI JAKARTA,2025,Q Jasa Kesehatan dan Kegiatan Sosial,AGUSTUS,7655295.0,SEPTEMBER,622175.0
DKI JAKARTA,2025,"R,S,T,U Jasa Lainnya",AGUSTUS,3227556.0,SEPTEMBER,622175.0
DKI JAKARTA,2025,Total,AGUSTUS,5903603.0,SEPTEMBER,622175.0
JAWA BARAT,2025,"A Pertanian, Kehutanan dan Perikanan",AGUSTUS,2311490.0,SEPTEMBER,430422.0
JAWA BARAT,2025,B Pertambangan dan Penggalian,AGUSTUS,5408297.0,SEPTEMBER,430422.0
JAWA BARAT,2025,C Industri Pengolahan,AGUSTUS,3840081.0,SEPTEMBER,430422.0
JAWA BARAT,2025,D Pengadaan Listrik dan Gas,AGUSTUS,5968497.0,SEPTEMBER,430422.0
JAWA BARAT,2025,"E Pengadaan Air, Pengelolaan Sampah, Limbah dan Daur Ulang",AGUSTUS,3011101.0,SEPTEMBER,430422.0
JAWA BARAT,2025,F Konstruksi,AGUSTUS,3618117.0,SEPTEMBER,430422.0
JAWA BARAT,2025,"G Perdagangan Besar dan Eceran, Reparasi Mobil dan Sepeda Motor",AGUSTUS,3173170.0,SEPTEMBER,430422.0
JAWA BARAT,2025,H Transportasi dan Pergudangan,AGUSTUS,4144585.0,SEPTEMBER,430422.0
JAWA BARAT,2025,I Penyediaan Akomodasi dan Makan Minum,AGUSTUS,2670491.0,SEPTEMBER,430422.0
JAWA BARAT,2025,J Informasi dan Komunikasi,AGUSTUS,7551765.0,SEPTEMBER,430422.0
JAWA BARAT,2025,K Jasa Keuangan dan Asuransi,AGUSTUS,5924246.0,SEPTEMBER,430422.0
JAWA BARAT,2025,L Real Estate,AGUSTUS,4846855.0,SEPTEMBER,430422.0
JAWA BARAT,2025,"M,N Jasa Perusahaan",AGUSTUS,4806483.0,SEPTEMBER,430422.0
JAWA BARAT,2025,"O Administrasi Pemerintahan, Pertahanan dan Jaminan Sosial Wajib",AGUSTUS,5657788.0,SEPTEMBER,430422.0
JAWA BARAT,2025,P Jasa Pendidikan,AGUSTUS,3355204.0,SEPTEMBER,430422.0
JAWA BARAT,2025,Q Jasa Kesehatan dan Kegiatan Sosial,AGUSTUS,4565203.0,SEPTEMBER,430422.0
JAWA BARAT,2025,"R,S,T,U Jasa Lainnya",AGUSTUS,1979444.0,SEPTEMBER,430422.0
JAWA BARAT,2025,Total,AGUSTUS,3768080.0,SEPTEMBER,430422.0
JAWA TENGAH,2025,"A Pertanian, Kehutanan dan Perikanan",AGUSTUS,2499739.0,SEPTEMBER,432788.0
JAWA TENGAH,2025,B Pertambangan dan Penggalian,AGUSTUS,3449057.0,SEPTEMBER,432788.0
JAWA TENGAH,2025,C Industri Pengolahan,AGUSTUS,2235795.0,SEPTEMBER,432788.0
JAWA TENGAH,2025,D Pengadaan Listrik dan Gas,AGUSTUS,4131346.0,SEPTEMBER,432788.0
JAWA TENGAH,2025,"E Pengadaan Air, Pengelolaan Sampah, Limbah dan Daur Ulang",AGUSTUS,2602009.0,SEPTEMBER,432788.0
JAWA TENGAH,2025,F Konstruksi,AGUSTUS,2980751.0,SEPTEMBER,432788.0
JAWA TENGAH,2025,"G Perdagangan Besar dan Eceran, Reparasi Mobil dan Sepeda Motor",AGUSTUS,2075370.0,SEPTEMBER,432788.0
JAWA TENGAH,2025,H Transportasi dan Pergudangan,AGUSTUS,3351574.0,SEPTEMBER,432788.0
JAWA TENGAH,2025,I Penyediaan Akomodasi dan Makan Minum,AGUSTUS,1868734.0,SEPTEMBER,432788.0
JAWA TENGAH,2025,J Informasi dan Komunikasi,AGUSTUS,3023530.0,SEPTEMBER,432788.0
JAWA TENGAH,2025,K Jasa Keuangan dan Asuransi,AGUSTUS,3559361.0,SEPTEMBER,432788.0
JAWA TENGAH,2025,L Real Estate,AGUSTUS,2991290.0,SEPTEMBER,432788.0
JAWA TENGAH,2025,"M,N Jasa Perusahaan",AGUSTUS,3066931.0,SEPTEMBER,432788.0
JAWA TENGAH,2025,"O Administrasi Pemerintahan, Pertahanan dan Jaminan Sosial Wajib",AGUSTUS,3846065.0,SEPTEMBER,432788.0
JAWA TENGAH,2025,P Jasa Pendidikan,AGUSTUS,2574710.0,SEPTEMBER,432788.0
JAWA TENGAH,2025,Q Jasa Kesehatan dan Kegiatan Sosial,AGUSTUS,3348444.0,SEPTEMBER,432788.0
JAWA TENGAH,2025,"R,S,T,U Jasa Lainnya",AGUSTUS,1551543.0,SEPTEMBER,432788.0
JAWA TENGAH,2025,Total,AGUSTUS,2528470.0,SEPTEMBER,432788.0
DI YOGYAKARTA,2025,"A Pertanian, Kehutanan dan Perikanan",AGUSTUS,1990087.0,SEPTEMBER,473070.0
DI YOGYAKARTA,2025,C Industri Pengolahan,AGUSTUS,2134022.0,SEPTEMBER,473070.0
DI YOGYAKARTA,2025,D Pengadaan Listrik dan Gas,AGUSTUS,2239255.0,SEPTEMBER,473070.0
DI YOGYAKARTA,2025,"E Pengadaan Air, Pengelolaan Sampah, Limbah dan Daur Ulang",AGUSTUS,2325412.0,SEPTEMBER,473070.0
DI YOGYAKARTA,2025,F Konstruksi,AGUSTUS,2668572.0,SEPTEMBER,473070.0
DI YOGYAKARTA,2025,"G Perdagangan Besar dan Eceran, Reparasi Mobil dan Sepeda Motor",AGUSTUS,2484088.0,SEPTEMBER,473070.0
DI YOGYAKARTA,2025,H Transportasi dan Pergudangan,AGUSTUS,3129546.0,SEPTEMBER,473070.0
DI YOGYAKARTA,2025,I Penyediaan Akomodasi dan Makan Minum,AGUSTUS,2115144.0,SEPTEMBER,473070.0
DI YOGYAKARTA,2025,J Informasi dan Komunikasi,AGUSTUS,4312183.0,SEPTEMBER,473070.0
DI YOGYAKARTA,2025,K Jasa Keuangan dan Asuransi,AGUSTUS,5533397.0,SEPTEMBER,473070.0
DI YOGYAKARTA,2025,L Real Estate,AGUSTUS,3611217.0,SEPTEMBER,473070.0
DI YOGYAKARTA,2025,"M,N Jasa Perusahaan",AGUSTUS,3167786.0,SEPTEMBER,473070.0
DI YOGYAKARTA,2025,"O Administrasi Pemerintahan, Pertahanan dan Jaminan Sosial Wajib",AGUSTUS,5211647.0,SEPTEMBER,473070.0
DI YOGYAKARTA,2025,P Jasa Pendidikan,AGUSTUS,3744298.0,SEPTEMBER,473070.0
DI YOGYAKARTA,2025,Q Jasa Kesehatan dan Kegiatan Sosial,AGUSTUS,4024492.0,SEPTEMBER,473070.0
DI YOGYAKARTA,2025,"R,S,T,U Jasa Lainnya",AGUSTUS,1472540.0,SEPTEMBER,473070.0
DI YOGYAKARTA,2025,Total,AGUSTUS,2924613.0,SEPTEMBER,473070.0
JAWA TIMUR,2025,"A Pertanian, Kehutanan dan Perikanan",AGUSTUS,2323209.0,SEPTEMBER,447332.0
JAWA TIMUR,2025,B Pertambangan dan Penggalian,AGUSTUS,4025080.0,SEPTEMBER,447332.0
JAWA TIMUR,2025,C Industri Pengolahan,AGUSTUS,2912502.0,SEPTEMBER,447332.0
JAWA TIMUR,2025,D Pengadaan Listrik dan Gas,AGUSTUS,5120716.0,SEPTEMBER,447332.0
JAWA TIMUR,2025,"E Pengadaan Air, Pengelolaan Sampah, Limbah dan Daur Ulang",AGUSTUS,2153560.0,SEPTEMBER,447332.0
JAWA TIMUR,2025,F Konstruksi,AGUSTUS,3117810.0,SEPTEMBER,447332.0
JAWA TIMUR,2025,"G Perdagangan Besar dan Eceran, Reparasi Mobil dan Sepeda Motor",AGUSTUS,2385530.0,SEPTEMBER,447332.0
JAWA TIMUR,2025,H Transportasi dan Pergudangan,AGUSTUS,3906264.0,SEPTEMBER,447332.0
JAWA TIMUR,2025,I Penyediaan Akomodasi dan Makan Minum,AGUSTUS,1959892.0,SEPTEMBER,447332.0
JAWA TIMUR,2025,J Informasi dan Komunikasi,AGUSTUS,3606144.0,SEPTEMBER,447332.0
JAWA TIMUR,2025,K Jasa Keuangan dan Asuransi,AGUSTUS,4526123.0,SEPTEMBER,447332.0
JAWA TIMUR,2025,L Real Estate,AGUSTUS,3782620.0,SEPTEMBER,447332.0
JAWA TIMUR,2025,"M,N Jasa Perusahaan",AGUSTUS,3658020.0,SEPTEMBER,447332.0
JAWA TIMUR,2025,"O Administrasi Pemerintahan, Pertahanan dan Jaminan Sosial Wajib",AGUSTUS,4481098.0,SEPTEMBER,447332.0
JAWA TIMUR,2025,P Jasa Pendidikan,AGUSTUS,2456837.0,SEPTEMBER,447332.0
JAWA TIMUR,2025,Q Jasa Kesehatan dan Kegiatan Sosial,AGUSTUS,3303029.0,SEPTEMBER,447332.0
JAWA TIMUR,2025,"R,S,T,U Jasa Lainnya",AGUSTUS,1911459.0,SEPTEMBER,447332.0
JAWA TIMUR,2025,Total,AGUSTUS,2899074.0,SEPTEMBER,447332.0
BANTEN,2025,"A Pertanian, Kehutanan dan Perikanan",AGUSTUS,2310248.0,SEPTEMBER,524678.0
BANTEN,2025,B Pertambangan dan Penggalian,AGUSTUS,5360660.0,SEPTEMBER,524678.0
BANTEN,2025,C Industri Pengolahan,AGUSTUS,4429999.0,SEPTEMBER,524678.0
BANTEN,2025,D Pengadaan Listrik dan Gas,AGUSTUS,6796508.0,SEPTEMBER,524678.0
BANTEN,2025,"E Pengadaan Air, Pengelolaan Sampah, Limbah dan Daur Ulang",AGUSTUS,2458019.0,SEPTEMBER,524678.0
BANTEN,2025,F Konstruksi,AGUSTUS,3796005.0,SEPTEMBER,524678.0
BANTEN,2025,"G Perdagangan Besar dan Eceran, Reparasi Mobil dan Sepeda Motor",AGUSTUS,3631925.0,SEPTEMBER,524678.0
BANTEN,2025,H Transportasi dan Pergudangan,AGUSTUS,4430744.0,SEPTEMBER,524678.0
BANTEN,2025,I Penyediaan Akomodasi dan Makan Minum,AGUSTUS,2822262.0,SEPTEMBER,524678.0
BANTEN,2025,J Informasi dan Komunikasi,AGUSTUS,6601112.0,SEPTEMBER,524678.0
BANTEN,2025,K Jasa Keuangan dan Asuransi,AGUSTUS,6524190.0,SEPTEMBER,524678.0
BANTEN,2025,L Real Estate,AGUSTUS,3346296.0,SEPTEMBER,524678.0
BANTEN,2025,"M,N Jasa Perusahaan",AGUSTUS,5191143.0,SEPTEMBER,524678.0
BANTEN,2025,"O Administrasi Pemerintahan, Pertahanan dan Jaminan Sosial Wajib",AGUSTUS,5516624.0,SEPTEMBER,524678.0
BANTEN,2025,P Jasa Pendidikan,AGUSTUS,3272811.0,SEPTEMBER,524678.0
BANTEN,2025,Q Jasa Kesehatan dan Kegiatan Sosial,AGUSTUS,5676843.0,SEPTEMBER,524678.0
BANTEN,2025,"R,S,T,U Jasa Lainnya",AGUSTUS,2027226.0,SEPTEMBER,524678.0
BANTEN,2025,Total,AGUSTUS,4062488.0,SEPTEMBER,524678.0
BALI,2025,"A Pertanian, Kehutanan dan Perikanan",AGUSTUS,2306945.0,SEPTEMBER,445225.0
BALI,2025,B Pertambangan dan Penggalian,AGUSTUS,4154110.0,SEPTEMBER,445225.0
BALI,2025,C Industri Pengolahan,AGUSTUS,2363507.0,SEPTEMBER,445225.0
BALI,2025,D Pengadaan Listrik dan Gas,AGUSTUS,4754239.0,SEPTEMBER,445225.0
BALI,2025,"E Pengadaan Air, Pengelolaan Sampah, Limbah dan Daur Ulang",AGUSTUS,3204740.0,SEPTEMBER,445225.0
BALI,2025,F Konstruksi,AGUSTUS,3124570.0,SEPTEMBER,445225.0
BALI,2025,"G Perdagangan Besar dan Eceran, Reparasi Mobil dan Sepeda Motor",AGUSTUS,2653785.0,SEPTEMBER,445225.0
BALI,2025,H Transportasi dan Pergudangan,AGUSTUS,8407709.0,SEPTEMBER,445225.0
BALI,2025,I Penyediaan Akomodasi dan Makan Minum,AGUSTUS,3664983.0,SEPTEMBER,445225.0
BALI,2025,J Informasi dan Komunikasi,AGUSTUS,4344930.0,SEPTEMBER,445225.0
BALI,2025,K Jasa Keuangan dan Asuransi,AGUSTUS,3903146.0,SEPTEMBER,445225.0
BALI,2025,L Real Estate,AGUSTUS,5198855.0,SEPTEMBER,445225.0
BALI,2025,"M,N Jasa Perusahaan",AGUSTUS,3834844.0,SEPTEMBER,445225.0
BALI,2025,"O Administrasi Pemerintahan, Pertahanan dan Jaminan Sosial Wajib",AGUSTUS,4886977.0,SEPTEMBER,445225.0
BALI,2025,P Jasa Pendidikan,AGUSTUS,3720093.0,SEPTEMBER,445225.0
BALI,2025,Q Jasa Kesehatan dan Kegiatan Sosial,AGUSTUS,4039595.0,SEPTEMBER,445225.0
BALI,2025,"R,S,T,U Jasa Lainnya",AGUSTUS,2768272.0,SEPTEMBER,445225.0
BALI,2025,Total,AGUSTUS,3639413.0,SEPTEMBER,445225.0
NUSA TENGGARA BARAT,2025,"A Pertanian, Kehutanan dan Perikanan",AGUSTUS,2535105.0,SEPTEMBER,436593.0
NUSA TENGGARA BARAT,2025,B Pertambangan dan Penggalian,AGUSTUS,3535185.0,SEPTEMBER,436593.0
NUSA TENGGARA BARAT,2025,C Industri Pengolahan,AGUSTUS,1757890.0,SEPTEMBER,436593.0
NUSA TENGGARA BARAT,2025,D Pengadaan Listrik dan Gas,AGUSTUS,3875488.0,SEPTEMBER,436593.0
NUSA TENGGARA BARAT,2025,"E Pengadaan Air, Pengelolaan Sampah, Limbah dan Daur Ulang",AGUSTUS,2770781.0,SEPTEMBER,436593.0
NUSA TENGGARA BARAT,2025,F Konstruksi,AGUSTUS,2625009.0,SEPTEMBER,436593.0
NUSA TENGGARA BARAT,2025,"G Perdagangan Besar dan Eceran, Reparasi Mobil dan Sepeda Motor",AGUSTUS,2115581.0,SEPTEMBER,436593.0
NUSA TENGGARA BARAT,2025,H Transportasi dan Pergudangan,AGUSTUS,2577617.0,SEPTEMBER,436593.0
NUSA TENGGARA BARAT,2025,I Penyediaan Akomodasi dan Makan Minum,AGUSTUS,2308459.0,SEPTEMBER,436593.0
NUSA TENGGARA BARAT,2025,J Informasi dan Komunikasi,AGUSTUS,2322887.0,SEPTEMBER,436593.0
NUSA TENGGARA BARAT,2025,K Jasa Keuangan dan Asuransi,AGUSTUS,3986724.0,SEPTEMBER,436593.0
NUSA TENGGARA BARAT,2025,L Real Estate,AGUSTUS,4260834.0,SEPTEMBER,436593.0
NUSA TENGGARA BARAT,2025,"M,N Jasa Perusahaan",AGUSTUS,2828112.0,SEPTEMBER,436593.0
NUSA TENGGARA BARAT,2025,"O Administrasi Pemerintahan, Pertahanan dan Jaminan Sosial Wajib",AGUSTUS,3737523.0,SEPTEMBER,436593.0
NUSA TENGGARA BARAT,2025,P Jasa Pendidikan,AGUSTUS,2411076.0,SEPTEMBER,436593.0
NUSA TENGGARA BARAT,2025,Q Jasa Kesehatan dan Kegiatan Sosial,AGUSTUS,2574698.0,SEPTEMBER,436593.0
NUSA TENGGARA BARAT,2025,"R,S,T,U Jasa Lainnya",AGUSTUS,1332720.0,SEPTEMBER,436593.0
NUSA TENGGARA BARAT,2025,Total,AGUSTUS,2569181.0,SEPTEMBER,436593.0
NUSA TENGGARA TIMUR,2025,"A Pertanian, Kehutanan dan Perikanan",AGUSTUS,2223012.0,SEPTEMBER,425350.0
NUSA TENGGARA TIMUR,2025,B Pertambangan dan Penggalian,AGUSTUS,2749311.0,SEPTEMBER,425350.0
NUSA TENGGARA TIMUR,2025,C Industri Pengolahan,AGUSTUS,1385173.0,SEPTEMBER,425350.0
NUSA TENGGARA TIMUR,2025,D Pengadaan Listrik dan Gas,AGUSTUS,2669035.0,SEPTEMBER,425350.0
NUSA TENGGARA TIMUR,2025,"E Pengadaan Air, Pengelolaan Sampah, Limbah dan Daur Ulang",AGUSTUS,1968960.0,SEPTEMBER,425350.0
NUSA TENGGARA TIMUR,2025,F Konstruksi,AGUSTUS,2253967.0,SEPTEMBER,425350.0
NUSA TENGGARA TIMUR,2025,"G Perdagangan Besar dan Eceran, Reparasi Mobil dan Sepeda Motor",AGUSTUS,1988447.0,SEPTEMBER,425350.0
NUSA TENGGARA TIMUR,2025,H Transportasi dan Pergudangan,AGUSTUS,1863932.0,SEPTEMBER,425350.0
NUSA TENGGARA TIMUR,2025,I Penyediaan Akomodasi dan Makan Minum,AGUSTUS,1598314.0,SEPTEMBER,425350.0
NUSA TENGGARA TIMUR,2025,J Informasi dan Komunikasi,AGUSTUS,3042272.0,SEPTEMBER,425350.0
NUSA TENGGARA TIMUR,2025,K Jasa Keuangan dan Asuransi,AGUSTUS,3416394.0,SEPTEMBER,425350.0
NUSA TENGGARA TIMUR,2025,"M,N Jasa Perusahaan",AGUSTUS,2773965.0,SEPTEMBER,425350.0
NUSA TENGGARA TIMUR,2025,"O Administrasi Pemerintahan, Pertahanan dan Jaminan Sosial Wajib",AGUSTUS,3711507.0,SEPTEMBER,425350.0
NUSA TENGGARA TIMUR,2025,P Jasa Pendidikan,AGUSTUS,2722555.0,SEPTEMBER,425350.0
NUSA TENGGARA TIMUR,2025,Q Jasa Kesehatan dan Kegiatan Sosial,AGUSTUS,2731744.0,SEPTEMBER,425350.0
NUSA TENGGARA TIMUR,2025,"R,S,T,U Jasa Lainnya",AGUSTUS,1461597.0,SEPTEMBER,425350.0
NUSA TENGGARA TIMUR,2025,Total,AGUSTUS,2674136.0,SEPTEMBER,425350.0
KALIMANTAN BARAT,2025,"A Pertanian, Kehutanan dan Perikanan",AGUSTUS,2873379.0,SEPTEMBER,491177.0
KALIMANTAN BARAT,2025,B Pertambangan dan Penggalian,AGUSTUS,3112074.0,SEPTEMBER,491177.0
KALIMANTAN BARAT,2025,C Industri Pengolahan,AGUSTUS,3033943.0,SEPTEMBER,491177.0
KALIMANTAN BARAT,2025,D Pengadaan Listrik dan Gas,AGUSTUS,3870053.0,SEPTEMBER,491177.0
KALIMANTAN BARAT,2025,"E Pengadaan Air, Pengelolaan Sampah, Limbah dan Daur Ulang",AGUSTUS,4147490.0,SEPTEMBER,491177.0
KALIMANTAN BARAT,2025,F Konstruksi,AGUSTUS,3057439.0,SEPTEMBER,491177.0
KALIMANTAN BARAT,2025,"G Perdagangan Besar dan Eceran, Reparasi Mobil dan Sepeda Motor",AGUSTUS,2359574.0,SEPTEMBER,491177.0
KALIMANTAN BARAT,2025,H Transportasi dan Pergudangan,AGUSTUS,3149551.0,SEPTEMBER,491177.0
KALIMANTAN BARAT,2025,I Penyediaan Akomodasi dan Makan Minum,AGUSTUS,1860241.0,SEPTEMBER,491177.0
KALIMANTAN BARAT,2025,J Informasi dan Komunikasi,AGUSTUS,2916679.0,SEPTEMBER,491177.0
KALIMANTAN BARAT,2025,K Jasa Keuangan dan Asuransi,AGUSTUS,4307032.0,SEPTEMBER,491177.0
KALIMANTAN BARAT,2025,L Real Estate,AGUSTUS,3808101.0,SEPTEMBER,491177.0
KALIMANTAN BARAT,2025,"M,N Jasa Perusahaan",AGUSTUS,2879945.0,SEPTEMBER,491177.0
KALIMANTAN BARAT,2025,"O Administrasi Pemerintahan, Pertahanan dan Jaminan Sosial Wajib",AGUSTUS,3993072.0,SEPTEMBER,491177.0
KALIMANTAN BARAT,2025,P Jasa Pendidikan,AGUSTUS,3043549.0,SEPTEMBER,491177.0
KALIMANTAN BARAT,2025,Q Jasa Kesehatan dan Kegiatan Sosial,AGUSTUS,3470610.0,SEPTEMBER,491177.0
KALIMANTAN BARAT,2025,"R,S,T,U Jasa Lainnya",AGUSTUS,1674115.0,SEPTEMBER,491177.0
KALIMANTAN BARAT,2025,Total,AGUSTUS,2972111.0,SEPTEMBER,491177.0
KALIMANTAN TENGAH,2025,"A Pertanian, Kehutanan dan Perikanan",AGUSTUS,3251951.0,SEPTEMBER,526003.0
KALIMANTAN TENGAH,2025,B Pertambangan dan Penggalian,AGUSTUS,4253897.0,SEPTEMBER,526003.0
KALIMANTAN TENGAH,2025,C Industri Pengolahan,AGUSTUS,3056312.0,SEPTEMBER,526003.0
KALIMANTAN TENGAH,2025,D Pengadaan Listrik dan Gas,AGUSTUS,3327363.0,SEPTEMBER,526003.0
KALIMANTAN TENGAH,2025,"E Pengadaan Air, Pengelolaan Sampah, Limbah dan Daur Ulang",AGUSTUS,3293592.0,SEPTEMBER,526003.0
KALIMANTAN TENGAH,2025,F Konstruksi,AGUSTUS,3716973.0,SEPTEMBER,526003.0
KALIMANTAN TENGAH,2025,"G Perdagangan Besar dan Eceran, Reparasi Mobil dan Sepeda Motor",AGUSTUS,2628652.0,SEPTEMBER,526003.0
KALIMANTAN TENGAH,2025,H Transportasi dan Pergudangan,AGUSTUS,3688061.0,SEPTEMBER,526003.0
KALIMANTAN TENGAH,2025,I Penyediaan Akomodasi dan Makan Minum,AGUSTUS,1863206.0,SEPTEMBER,526003.0
KALIMANTAN TENGAH,2025,J Informasi dan Komunikasi,AGUSTUS,3439777.0,SEPTEMBER,526003.0
KALIMANTAN TENGAH,2025,K Jasa Keuangan dan Asuransi,AGUSTUS,4191035.0,SEPTEMBER,526003.0
KALIMANTAN TENGAH,2025,L Real Estate,AGUSTUS,3815629.0,SEPTEMBER,526003.0
KALIMANTAN TENGAH,2025,"M,N Jasa Perusahaan",AGUSTUS,3255630.0,SEPTEMBER,526003.0
KALIMANTAN TENGAH,2025,"O Administrasi Pemerintahan, Pertahanan dan Jaminan Sosial Wajib",AGUSTUS,3968065.0,SEPTEMBER,526003.0
KALIMANTAN TENGAH,2025,P Jasa Pendidikan,AGUSTUS,3343922.0,SEPTEMBER,526003.0
KALIMANTAN TENGAH,2025,Q Jasa Kesehatan dan Kegiatan Sosial,AGUSTUS,3508598.0,SEPTEMBER,526003.0
KALIMANTAN TENGAH,2025,"R,S,T,U Jasa Lainnya",AGUSTUS,1934308.0,SEPTEMBER,526003.0
KALIMANTAN TENGAH,2025,Total,AGUSTUS,3451676.0,SEPTEMBER,526003.0
KALIMANTAN SELATAN,2025,"A Pertanian, Kehutanan dan Perikanan",AGUSTUS,2937079.0,SEPTEMBER,491795.0
KALIMANTAN SELATAN,2025,B Pertambangan dan Penggalian,AGUSTUS,4975706.0,SEPTEMBER,491795.0
KALIMANTAN SELATAN,2025,C Industri Pengolahan,AGUSTUS,2691398.0,SEPTEMBER,491795.0
KALIMANTAN SELATAN,2025,D Pengadaan Listrik dan Gas,AGUSTUS,4572661.0,SEPTEMBER,491795.0
KALIMANTAN SELATAN,2025,"E Pengadaan Air, Pengelolaan Sampah, Limbah dan Daur Ulang",AGUSTUS,3145805.0,SEPTEMBER,491795.0
KALIMANTAN SELATAN,2025,F Konstruksi,AGUSTUS,2849386.0,SEPTEMBER,491795.0
KALIMANTAN SELATAN,2025,"G Perdagangan Besar dan Eceran, Reparasi Mobil dan Sepeda Motor",AGUSTUS,2622960.0,SEPTEMBER,491795.0
KALIMANTAN SELATAN,2025,H Transportasi dan Pergudangan,AGUSTUS,3486402.0,SEPTEMBER,491795.0
KALIMANTAN SELATAN,2025,I Penyediaan Akomodasi dan Makan Minum,AGUSTUS,2013760.0,SEPTEMBER,491795.0
KALIMANTAN SELATAN,2025,J Informasi dan Komunikasi,AGUSTUS,2621703.0,SEPTEMBER,491795.0
KALIMANTAN SELATAN,2025,K Jasa Keuangan dan Asuransi,AGUSTUS,4342735.0,SEPTEMBER,491795.0
KALIMANTAN SELATAN,2025,L Real Estate,AGUSTUS,4003719.0,SEPTEMBER,491795.0
KALIMANTAN SELATAN,2025,"M,N Jasa Perusahaan",AGUSTUS,3324262.0,SEPTEMBER,491795.0
KALIMANTAN SELATAN,2025,"O Administrasi Pemerintahan, Pertahanan dan Jaminan Sosial Wajib",AGUSTUS,4023449.0,SEPTEMBER,491795.0
KALIMANTAN SELATAN,2025,P Jasa Pendidikan,AGUSTUS,2965062.0,SEPTEMBER,491795.0
KALIMANTAN SELATAN,2025,Q Jasa Kesehatan dan Kegiatan Sosial,AGUSTUS,3165500.0,SEPTEMBER,491795.0
KALIMANTAN SELATAN,2025,"R,S,T,U Jasa Lainnya",AGUSTUS,1514354.0,SEPTEMBER,491795.0
KALIMANTAN SELATAN,2025,Total,AGUSTUS,3164480.0,SEPTEMBER,491795.0
KALIMANTAN TIMUR,2025,"A Pertanian, Kehutanan dan Perikanan",AGUSTUS,4437670.0,SEPTEMBER,629611.0
KALIMANTAN TIMUR,2025,B Pertambangan dan Penggalian,AGUSTUS,6632753.0,SEPTEMBER,629611.0
KALIMANTAN TIMUR,2025,C Industri Pengolahan,AGUSTUS,4978610.0,SEPTEMBER,629611.0
KALIMANTAN TIMUR,2025,D Pengadaan Listrik dan Gas,AGUSTUS,5393154.0,SEPTEMBER,629611.0
KALIMANTAN TIMUR,2025,"E Pengadaan Air, Pengelolaan Sampah, Limbah dan Daur Ulang",AGUSTUS,5007179.0,SEPTEMBER,629611.0
KALIMANTAN TIMUR,2025,F Konstruksi,AGUSTUS,4361213.0,SEPTEMBER,629611.0
KALIMANTAN TIMUR,2025,"G Perdagangan Besar dan Eceran, Reparasi Mobil dan Sepeda Motor",AGUSTUS,3297589.0,SEPTEMBER,629611.0
KALIMANTAN TIMUR,2025,H Transportasi dan Pergudangan,AGUSTUS,4801768.0,SEPTEMBER,629611.0
KALIMANTAN TIMUR,2025,I Penyediaan Akomodasi dan Makan Minum,AGUSTUS,2315557.0,SEPTEMBER,629611.0
KALIMANTAN TIMUR,2025,J Informasi dan Komunikasi,AGUSTUS,4667589.0,SEPTEMBER,629611.0
KALIMANTAN TIMUR,2025,K Jasa Keuangan dan Asuransi,AGUSTUS,4876634.0,SEPTEMBER,629611.0
KALIMANTAN TIMUR,2025,L Real Estate,AGUSTUS,3407516.0,SEPTEMBER,629611.0
KALIMANTAN TIMUR,2025,"M,N Jasa Perusahaan",AGUSTUS,4561042.0,SEPTEMBER,629611.0
KALIMANTAN TIMUR,2025,"O Administrasi Pemerintahan, Pertahanan dan Jaminan Sosial Wajib",AGUSTUS,4577903.0,SEPTEMBER,629611.0
KALIMANTAN TIMUR,2025,P Jasa Pendidikan,AGUSTUS,3925394.0,SEPTEMBER,629611.0
KALIMANTAN TIMUR,2025,Q Jasa Kesehatan dan Kegiatan Sosial,AGUSTUS,4361425.0,SEPTEMBER,629611.0
KALIMANTAN TIMUR,2025,"R,S,T,U Jasa Lainnya",AGUSTUS,2166722.0,SEPTEMBER,629611.0
KALIMANTAN TIMUR,2025,Total,AGUSTUS,4475944.0,SEPTEMBER,629611.0
KALIMANTAN UTARA,2025,"A Pertanian, Kehutanan dan Perikanan",AGUSTUS,2987674.0,SEPTEMBER,689268.0
KALIMANTAN UTARA,2025,B Pertambangan dan Penggalian,AGUSTUS,5748893.0,SEPTEMBER,689268.0
KALIMANTAN UTARA,2025,C Industri Pengolahan,AGUSTUS,3925506.0,SEPTEMBER,689268.0
KALIMANTAN UTARA,2025,D Pengadaan Listrik dan Gas,AGUSTUS,4061738.0,SEPTEMBER,689268.0
KALIMANTAN UTARA,2025,"E Pengadaan Air, Pengelolaan Sampah, Limbah dan Daur Ulang",AGUSTUS,4595745.0,SEPTEMBER,689268.0
KALIMANTAN UTARA,2025,F Konstruksi,AGUSTUS,2973695.0,SEPTEMBER,689268.0
KALIMANTAN UTARA,2025,"G Perdagangan Besar dan Eceran, Reparasi Mobil dan Sepeda Motor",AGUSTUS,2389231.0,SEPTEMBER,689268.0
KALIMANTAN UTARA,2025,H Transportasi dan Pergudangan,AGUSTUS,2856504.0,SEPTEMBER,689268.0
KALIMANTAN UTARA,2025,I Penyediaan Akomodasi dan Makan Minum,AGUSTUS,2010970.0,SEPTEMBER,689268.0
KALIMANTAN UTARA,2025,J Informasi dan Komunikasi,AGUSTUS,3897355.0,SEPTEMBER,689268.0
KALIMANTAN UTARA,2025,K Jasa Keuangan dan Asuransi,AGUSTUS,5132038.0,SEPTEMBER,689268.0
KALIMANTAN UTARA,2025,L Real Estate,AGUSTUS,4736908.0,SEPTEMBER,689268.0
KALIMANTAN UTARA,2025,"M,N Jasa Perusahaan",AGUSTUS,3685325.0,SEPTEMBER,689268.0
KALIMANTAN UTARA,2025,"O Administrasi Pemerintahan, Pertahanan dan Jaminan Sosial Wajib",AGUSTUS,4647506.0,SEPTEMBER,689268.0
KALIMANTAN UTARA,2025,P Jasa Pendidikan,AGUSTUS,3733868.0,SEPTEMBER,689268.0
KALIMANTAN UTARA,2025,Q Jasa Kesehatan dan Kegiatan Sosial,AGUSTUS,3863921.0,SEPTEMBER,689268.0
KALIMANTAN UTARA,2025,"R,S,T,U Jasa Lainnya",AGUSTUS,1937383.0,SEPTEMBER,689268.0
KALIMANTAN UTARA,2025,Total,AGUSTUS,3675921.0,SEPTEMBER,689268.0
SULAWESI UTARA,2025,"A Pertanian, Kehutanan dan Perikanan",AGUSTUS,2707401.0,SEPTEMBER,434089.0
SULAWESI UTARA,2025,B Pertambangan dan Penggalian,AGUSTUS,4307039.0,SEPTEMBER,434089.0
SULAWESI UTARA,2025,C Industri Pengolahan,AGUSTUS,3044227.0,SEPTEMBER,434089.0
SULAWESI UTARA,2025,D Pengadaan Listrik dan Gas,AGUSTUS,4634203.0,SEPTEMBER,434089.0
SULAWESI UTARA,2025,"E Pengadaan Air, Pengelolaan Sampah, Limbah dan Daur Ulang",AGUSTUS,2964738.0,SEPTEMBER,434089.0
SULAWESI UTARA,2025,F Konstruksi,AGUSTUS,3163919.0,SEPTEMBER,434089.0
SULAWESI UTARA,2025,"G Perdagangan Besar dan Eceran, Reparasi Mobil dan Sepeda Motor",AGUSTUS,3016364.0,SEPTEMBER,434089.0
SULAWESI UTARA,2025,H Transportasi dan Pergudangan,AGUSTUS,3795138.0,SEPTEMBER,434089.0
SULAWESI UTARA,2025,I Penyediaan Akomodasi dan Makan Minum,AGUSTUS,2853485.0,SEPTEMBER,434089.0
SULAWESI UTARA,2025,J Informasi dan Komunikasi,AGUSTUS,3104898.0,SEPTEMBER,434089.0
SULAWESI UTARA,2025,K Jasa Keuangan dan Asuransi,AGUSTUS,4263007.0,SEPTEMBER,434089.0
SULAWESI UTARA,2025,L Real Estate,AGUSTUS,3430523.0,SEPTEMBER,434089.0
SULAWESI UTARA,2025,"M,N Jasa Perusahaan",AGUSTUS,3437984.0,SEPTEMBER,434089.0
SULAWESI UTARA,2025,"O Administrasi Pemerintahan, Pertahanan dan Jaminan Sosial Wajib",AGUSTUS,4048785.0,SEPTEMBER,434089.0
SULAWESI UTARA,2025,P Jasa Pendidikan,AGUSTUS,3588404.0,SEPTEMBER,434089.0
SULAWESI UTARA,2025,Q Jasa Kesehatan dan Kegiatan Sosial,AGUSTUS,3511740.0,SEPTEMBER,434089.0
SULAWESI UTARA,2025,"R,S,T,U Jasa Lainnya",AGUSTUS,2300971.0,SEPTEMBER,434089.0
SULAWESI UTARA,2025,Total,AGUSTUS,3420935.0,SEPTEMBER,434089.0
SULAWESI TENGAH,2025,"A Pertanian, Kehutanan dan Perikanan",AGUSTUS,2326855.0,SEPTEMBER,498444.0
SULAWESI TENGAH,2025,B Pertambangan dan Penggalian,AGUSTUS,4208498.0,SEPTEMBER,498444.0
SULAWESI TENGAH,2025,C Industri Pengolahan,AGUSTUS,3895723.0,SEPTEMBER,498444.0
SULAWESI TENGAH,2025,D Pengadaan Listrik dan Gas,AGUSTUS,4293283.0,SEPTEMBER,498444.0
SULAWESI TENGAH,2025,"E Pengadaan Air, Pengelolaan Sampah, Limbah dan Daur Ulang",AGUSTUS,2501121.0,SEPTEMBER,498444.0
SULAWESI TENGAH,2025,F Konstruksi,AGUSTUS,2626235.0,SEPTEMBER,498444.0
SULAWESI TENGAH,2025,"G Perdagangan Besar dan Eceran, Reparasi Mobil dan Sepeda Motor",AGUSTUS,2128497.0,SEPTEMBER,498444.0
SULAWESI TENGAH,2025,H Transportasi dan Pergudangan,AGUSTUS,2590279.0,SEPTEMBER,498444.0
SULAWESI TENGAH,2025,I Penyediaan Akomodasi dan Makan Minum,AGUSTUS,1671777.0,SEPTEMBER,498444.0
SULAWESI TENGAH,2025,J Informasi dan Komunikasi,AGUSTUS,3120980.0,SEPTEMBER,498444.0
SULAWESI TENGAH,2025,K Jasa Keuangan dan Asuransi,AGUSTUS,3914978.0,SEPTEMBER,498444.0
SULAWESI TENGAH,2025,L Real Estate,AGUSTUS,5571336.0,SEPTEMBER,498444.0
SULAWESI TENGAH,2025,"M,N Jasa Perusahaan",AGUSTUS,2617226.0,SEPTEMBER,498444.0
SULAWESI TENGAH,2025,"O Administrasi Pemerintahan, Pertahanan dan Jaminan Sosial Wajib",AGUSTUS,3723830.0,SEPTEMBER,498444.0
SULAWESI TENGAH,2025,P Jasa Pendidikan,AGUSTUS,3288897.0,SEPTEMBER,498444.0
SULAWESI TENGAH,2025,Q Jasa Kesehatan dan Kegiatan Sosial,AGUSTUS,2776378.0,SEPTEMBER,498444.0
SULAWESI TENGAH,2025,"R,S,T,U Jasa Lainnya",AGUSTUS,1787149.0,SEPTEMBER,498444.0
SULAWESI TENGAH,2025,Total,AGUSTUS,3056120.0,SEPTEMBER,498444.0
SULAWESI SELATAN,2025,"A Pertanian, Kehutanan dan Perikanan",AGUSTUS,2287084.0,SEPTEMBER,387454.0
SULAWESI SELATAN,2025,B Pertambangan dan Penggalian,AGUSTUS,5556142.0,SEPTEMBER,387454.0
SULAWESI SELATAN,2025,C Industri Pengolahan,AGUSTUS,2486183.0,SEPTEMBER,387454.0
SULAWESI SELATAN,2025,D Pengadaan Listrik dan Gas,AGUSTUS,3959718.0,SEPTEMBER,387454.0
SULAWESI SELATAN,2025,"E Pengadaan Air, Pengelolaan Sampah, Limbah dan Daur Ulang",AGUSTUS,2602877.0,SEPTEMBER,387454.0
SULAWESI SELATAN,2025,F Konstruksi,AGUSTUS,2578844.0,SEPTEMBER,387454.0
SULAWESI SELATAN,2025,"G Perdagangan Besar dan Eceran, Reparasi Mobil dan Sepeda Motor",AGUSTUS,2563279.0,SEPTEMBER,387454.0
SULAWESI SELATAN,2025,H Transportasi dan Pergudangan,AGUSTUS,5247392.0,SEPTEMBER,387454.0
SULAWESI SELATAN,2025,I Penyediaan Akomodasi dan Makan Minum,AGUSTUS,2107830.0,SEPTEMBER,387454.0
SULAWESI SELATAN,2025,J Informasi dan Komunikasi,AGUSTUS,3561262.0,SEPTEMBER,387454.0
SULAWESI SELATAN,2025,K Jasa Keuangan dan Asuransi,AGUSTUS,4012827.0,SEPTEMBER,387454.0
SULAWESI SELATAN,2025,L Real Estate,AGUSTUS,2967035.0,SEPTEMBER,387454.0
SULAWESI SELATAN,2025,"M,N Jasa Perusahaan",AGUSTUS,3728371.0,SEPTEMBER,387454.0
SULAWESI SELATAN,2025,"O Administrasi Pemerintahan, Pertahanan dan Jaminan Sosial Wajib",AGUSTUS,3492729.0,SEPTEMBER,387454.0
SULAWESI SELATAN,2025,P Jasa Pendidikan,AGUSTUS,3450859.0,SEPTEMBER,387454.0
SULAWESI SELATAN,2025,Q Jasa Kesehatan dan Kegiatan Sosial,AGUSTUS,2700032.0,SEPTEMBER,387454.0
SULAWESI SELATAN,2025,"R,S,T,U Jasa Lainnya",AGUSTUS,1978724.0,SEPTEMBER,387454.0
SULAWESI SELATAN,2025,Total,AGUSTUS,3060385.0,SEPTEMBER,387454.0
SULAWESI TENGGARA,2025,"A Pertanian, Kehutanan dan Perikanan",AGUSTUS,2811095.0,SEPTEMBER,386850.0
SULAWESI TENGGARA,2025,B Pertambangan dan Penggalian,AGUSTUS,4332715.0,SEPTEMBER,386850.0
SULAWESI TENGGARA,2025,C Industri Pengolahan,AGUSTUS,2747068.0,SEPTEMBER,386850.0
SULAWESI TENGGARA,2025,D Pengadaan Listrik dan Gas,AGUSTUS,3196831.0,SEPTEMBER,386850.0
SULAWESI TENGGARA,2025,"E Pengadaan Air, Pengelolaan Sampah, Limbah dan Daur Ulang",AGUSTUS,2307698.0,SEPTEMBER,386850.0
SULAWESI TENGGARA,2025,F Konstruksi,AGUSTUS,2686920.0,SEPTEMBER,386850.0
SULAWESI TENGGARA,2025,"G Perdagangan Besar dan Eceran, Reparasi Mobil dan Sepeda Motor",AGUSTUS,2461788.0,SEPTEMBER,386850.0
SULAWESI TENGGARA,2025,H Transportasi dan Pergudangan,AGUSTUS,2959507.0,SEPTEMBER,386850.0
SULAWESI TENGGARA,2025,I Penyediaan Akomodasi dan Makan Minum,AGUSTUS,1617470.0,SEPTEMBER,386850.0
SULAWESI TENGGARA,2025,J Informasi dan Komunikasi,AGUSTUS,3879799.0,SEPTEMBER,386850.0
SULAWESI TENGGARA,2025,K Jasa Keuangan dan Asuransi,AGUSTUS,3625112.0,SEPTEMBER,386850.0
SULAWESI TENGGARA,2025,L Real Estate,AGUSTUS,3820685.0,SEPTEMBER,386850.0
SULAWESI TENGGARA,2025,"M,N Jasa Perusahaan",AGUSTUS,3750637.0,SEPTEMBER,386850.0
SULAWESI TENGGARA,2025,"O Administrasi Pemerintahan, Pertahanan dan Jaminan Sosial Wajib",AGUSTUS,3643522.0,SEPTEMBER,386850.0
SULAWESI TENGGARA,2025,P Jasa Pendidikan,AGUSTUS,3583743.0,SEPTEMBER,386850.0
SULAWESI TENGGARA,2025,Q Jasa Kesehatan dan Kegiatan Sosial,AGUSTUS,2796918.0,SEPTEMBER,386850.0
SULAWESI TENGGARA,2025,"R,S,T,U Jasa Lainnya",AGUSTUS,1641348.0,SEPTEMBER,386850.0
SULAWESI TENGGARA,2025,Total,AGUSTUS,3189724.0,SEPTEMBER,386850.0
GORONTALO,2025,"A Pertanian, Kehutanan dan Perikanan",AGUSTUS,2895969.0,SEPTEMBER,404784.0
GORONTALO,2025,B Pertambangan dan Penggalian,AGUSTUS,3359149.0,SEPTEMBER,404784.0
GORONTALO,2025,C Industri Pengolahan,AGUSTUS,1881745.0,SEPTEMBER,404784.0
GORONTALO,2025,D Pengadaan Listrik dan Gas,AGUSTUS,3454474.0,SEPTEMBER,404784.0
GORONTALO,2025,"E Pengadaan Air, Pengelolaan Sampah, Limbah dan Daur Ulang",AGUSTUS,3921714.0,SEPTEMBER,404784.0
GORONTALO,2025,F Konstruksi,AGUSTUS,2527691.0,SEPTEMBER,404784.0
GORONTALO,2025,"G Perdagangan Besar dan Eceran, Reparasi Mobil dan Sepeda Motor",AGUSTUS,2301326.0,SEPTEMBER,404784.0
GORONTALO,2025,H Transportasi dan Pergudangan,AGUSTUS,2753552.0,SEPTEMBER,404784.0
GORONTALO,2025,I Penyediaan Akomodasi dan Makan Minum,AGUSTUS,1325626.0,SEPTEMBER,404784.0
GORONTALO,2025,J Informasi dan Komunikasi,AGUSTUS,1812607.0,SEPTEMBER,404784.0
GORONTALO,2025,K Jasa Keuangan dan Asuransi,AGUSTUS,3936344.0,SEPTEMBER,404784.0
GORONTALO,2025,"M,N Jasa Perusahaan",AGUSTUS,3506570.0,SEPTEMBER,404784.0
GORONTALO,2025,"O Administrasi Pemerintahan, Pertahanan dan Jaminan Sosial Wajib",AGUSTUS,3720085.0,SEPTEMBER,404784.0
GORONTALO,2025,P Jasa Pendidikan,AGUSTUS,3561803.0,SEPTEMBER,404784.0
GORONTALO,2025,Q Jasa Kesehatan dan Kegiatan Sosial,AGUSTUS,2503584.0,SEPTEMBER,404784.0
GORONTALO,2025,"R,S,T,U Jasa Lainnya",AGUSTUS,980664.0,SEPTEMBER,404784.0
GORONTALO,2025,Total,AGUSTUS,2911813.0,SEPTEMBER,404784.0
SULAWESI BARAT,2025,"A Pertanian, Kehutanan dan Perikanan",AGUSTUS,2499572.0,SEPTEMBER,399892.0
SULAWESI BARAT,2025,B Pertambangan dan Penggalian,AGUSTUS,5535282.0,SEPTEMBER,399892.0
SULAWESI BARAT,2025,C Industri Pengolahan,AGUSTUS,2144498.0,SEPTEMBER,399892.0
SULAWESI BARAT,2025,D Pengadaan Listrik dan Gas,AGUSTUS,2652062.0,SEPTEMBER,399892.0
SULAWESI BARAT,2025,"E Pengadaan Air, Pengelolaan Sampah, Limbah dan Daur Ulang",AGUSTUS,2419701.0,SEPTEMBER,399892.0
SULAWESI BARAT,2025,F Konstruksi,AGUSTUS,2090050.0,SEPTEMBER,399892.0
SULAWESI BARAT,2025,"G Perdagangan Besar dan Eceran, Reparasi Mobil dan Sepeda Motor",AGUSTUS,1926877.0,SEPTEMBER,399892.0
SULAWESI BARAT,2025,H Transportasi dan Pergudangan,AGUSTUS,2785735.0,SEPTEMBER,399892.0
SULAWESI BARAT,2025,I Penyediaan Akomodasi dan Makan Minum,AGUSTUS,1365799.0,SEPTEMBER,399892.0
SULAWESI BARAT,2025,J Informasi dan Komunikasi,AGUSTUS,3279581.0,SEPTEMBER,399892.0
SULAWESI BARAT,2025,K Jasa Keuangan dan Asuransi,AGUSTUS,3750764.0,SEPTEMBER,399892.0
SULAWESI BARAT,2025,"M,N Jasa Perusahaan",AGUSTUS,2796597.0,SEPTEMBER,399892.0
SULAWESI BARAT,2025,"O Administrasi Pemerintahan, Pertahanan dan Jaminan Sosial Wajib",AGUSTUS,3479514.0,SEPTEMBER,399892.0
SULAWESI BARAT,2025,P Jasa Pendidikan,AGUSTUS,2829577.0,SEPTEMBER,399892.0
SULAWESI BARAT,2025,Q Jasa Kesehatan dan Kegiatan Sosial,AGUSTUS,2917174.0,SEPTEMBER,399892.0
SULAWESI BARAT,2025,"R,S,T,U Jasa Lainnya",AGUSTUS,1460849.0,SEPTEMBER,399892.0
SULAWESI BARAT,2025,Total,AGUSTUS,2698528.0,SEPTEMBER,399892.0
MALUKU,2025,"A Pertanian, Kehutanan dan Perikanan",AGUSTUS,2287230.0,SEPTEMBER,584225.0
MALUKU,2025,B Pertambangan dan Penggalian,AGUSTUS,3402744.0,SEPTEMBER,584225.0
MALUKU,2025,C Industri Pengolahan,AGUSTUS,2249330.0,SEPTEMBER,584225.0
MALUKU,2025,D Pengadaan Listrik dan Gas,AGUSTUS,3210500.0,SEPTEMBER,584225.0
MALUKU,2025,"E Pengadaan Air, Pengelolaan Sampah, Limbah dan Daur Ulang",AGUSTUS,3540341.0,SEPTEMBER,584225.0
MALUKU,2025,F Konstruksi,AGUSTUS,2838614.0,SEPTEMBER,584225.0
MALUKU,2025,"G Perdagangan Besar dan Eceran, Reparasi Mobil dan Sepeda Motor",AGUSTUS,2453694.0,SEPTEMBER,584225.0
MALUKU,2025,H Transportasi dan Pergudangan,AGUSTUS,2468156.0,SEPTEMBER,584225.0
MALUKU,2025,I Penyediaan Akomodasi dan Makan Minum,AGUSTUS,1975443.0,SEPTEMBER,584225.0
MALUKU,2025,J Informasi dan Komunikasi,AGUSTUS,3480111.0,SEPTEMBER,584225.0
MALUKU,2025,K Jasa Keuangan dan Asuransi,AGUSTUS,3741986.0,SEPTEMBER,584225.0
MALUKU,2025,"M,N Jasa Perusahaan",AGUSTUS,2346854.0,SEPTEMBER,584225.0
MALUKU,2025,"O Administrasi Pemerintahan, Pertahanan dan Jaminan Sosial Wajib",AGUSTUS,4068192.0,SEPTEMBER,584225.0
MALUKU,2025,P Jasa Pendidikan,AGUSTUS,3075047.0,SEPTEMBER,584225.0
MALUKU,2025,Q Jasa Kesehatan dan Kegiatan Sosial,AGUSTUS,2638356.0,SEPTEMBER,584225.0
MALUKU,2025,"R,S,T,U Jasa Lainnya",AGUSTUS,1810828.0,SEPTEMBER,584225.0
MALUKU,2025,Total,AGUSTUS,3100805.0,SEPTEMBER,584225.0
MALUKU UTARA,2025,"A Pertanian, Kehutanan dan Perikanan",AGUSTUS,2469241.0,SEPTEMBER,524814.0
MALUKU UTARA,2025,B Pertambangan dan Penggalian,AGUSTUS,6083756.0,SEPTEMBER,524814.0
MALUKU UTARA,2025,C Industri Pengolahan,AGUSTUS,3678762.0,SEPTEMBER,524814.0
MALUKU UTARA,2025,D Pengadaan Listrik dan Gas,AGUSTUS,3767542.0,SEPTEMBER,524814.0
MALUKU UTARA,2025,"E Pengadaan Air, Pengelolaan Sampah, Limbah dan Daur Ulang",AGUSTUS,3625311.0,SEPTEMBER,524814.0
MALUKU UTARA,2025,F Konstruksi,AGUSTUS,4209528.0,SEPTEMBER,524814.0
MALUKU UTARA,2025,"G Perdagangan Besar dan Eceran, Reparasi Mobil dan Sepeda Motor",AGUSTUS,2382428.0,SEPTEMBER,524814.0
MALUKU UTARA,2025,H Transportasi dan Pergudangan,AGUSTUS,3096858.0,SEPTEMBER,524814.0
MALUKU UTARA,2025,I Penyediaan Akomodasi dan Makan Minum,AGUSTUS,1966681.0,SEPTEMBER,524814.0
MALUKU UTARA,2025,J Informasi dan Komunikasi,AGUSTUS,3534833.0,SEPTEMBER,524814.0
MALUKU UTARA,2025,K Jasa Keuangan dan Asuransi,AGUSTUS,4430168.0,SEPTEMBER,524814.0
MALUKU UTARA,2025,"M,N Jasa Perusahaan",AGUSTUS,3238795.0,SEPTEMBER,524814.0
MALUKU UTARA,2025,"O Administrasi Pemerintahan, Pertahanan dan Jaminan Sosial Wajib",AGUSTUS,4076545.0,SEPTEMBER,524814.0
MALUKU UTARA,2025,P Jasa Pendidikan,AGUSTUS,3238464.0,SEPTEMBER,524814.0
MALUKU UTARA,2025,Q Jasa Kesehatan dan Kegiatan Sosial,AGUSTUS,3208463.0,SEPTEMBER,524814.0
MALUKU UTARA,2025,"R,S,T,U Jasa Lainnya",AGUSTUS,2226967.0,SEPTEMBER,524814.0
MALUKU UTARA,2025,Total,AGUSTUS,3620219.0,SEPTEMBER,524814.0
PAPUA BARAT,2025,"A Pertanian, Kehutanan dan Perikanan",AGUSTUS,3085260.0,SEPTEMBER,644673.0
PAPUA BARAT,2025,B Pertambangan dan Penggalian,AGUSTUS,5176964.0,SEPTEMBER,644673.0
PAPUA BARAT,2025,C Industri Pengolahan,AGUSTUS,2852189.0,SEPTEMBER,644673.0
PAPUA BARAT,2025,"E Pengadaan Air, Pengelolaan Sampah, Limbah dan Daur Ulang",AGUSTUS,3928482.0,SEPTEMBER,644673.0
PAPUA BARAT,2025,F Konstruksi,AGUSTUS,3537234.0,SEPTEMBER,644673.0
PAPUA BARAT,2025,"G Perdagangan Besar dan Eceran, Reparasi Mobil dan Sepeda Motor",AGUSTUS,2702393.0,SEPTEMBER,644673.0
PAPUA BARAT,2025,H Transportasi dan Pergudangan,AGUSTUS,2795701.0,SEPTEMBER,644673.0
PAPUA BARAT,2025,I Penyediaan Akomodasi dan Makan Minum,AGUSTUS,2915459.0,SEPTEMBER,644673.0
PAPUA BARAT,2025,J Informasi dan Komunikasi,AGUSTUS,3649834.0,SEPTEMBER,644673.0
PAPUA BARAT,2025,K Jasa Keuangan dan Asuransi,AGUSTUS,4275717.0,SEPTEMBER,644673.0
PAPUA BARAT,2025,"M,N Jasa Perusahaan",AGUSTUS,2954060.0,SEPTEMBER,644673.0
PAPUA BARAT,2025,"O Administrasi Pemerintahan, Pertahanan dan Jaminan Sosial Wajib",AGUSTUS,4299481.0,SEPTEMBER,644673.0
PAPUA BARAT,2025,P Jasa Pendidikan,AGUSTUS,3535228.0,SEPTEMBER,644673.0
PAPUA BARAT,2025,Q Jasa Kesehatan dan Kegiatan Sosial,AGUSTUS,4193201.0,SEPTEMBER,644673.0
PAPUA BARAT,2025,"R,S,T,U Jasa Lainnya",AGUSTUS,2429632.0,SEPTEMBER,644673.0
PAPUA BARAT,2025,Total,AGUSTUS,3765973.0,SEPTEMBER,644673.0
PAPUA BARAT DAYA,2025,"A Pertanian, Kehutanan dan Perikanan",AGUSTUS,3438178.0,SEPTEMBER,629595.0
PAPUA BARAT DAYA,2025,B Pertambangan dan Penggalian,AGUSTUS,4768339.0,SEPTEMBER,629595.0
PAPUA BARAT DAYA,2025,C Industri Pengolahan,AGUSTUS,3547451.0,SEPTEMBER,629595.0
PAPUA BARAT DAYA,2025,D Pengadaan Listrik dan Gas,AGUSTUS,4066262.0,SEPTEMBER,629595.0
PAPUA BARAT DAYA,2025,F Konstruksi,AGUSTUS,4605899.0,SEPTEMBER,629595.0
PAPUA BARAT DAYA,2025,"G Perdagangan Besar dan Eceran, Reparasi Mobil dan Sepeda Motor",AGUSTUS,3122736.0,SEPTEMBER,629595.0
PAPUA BARAT DAYA,2025,H Transportasi dan Pergudangan,AGUSTUS,3181558.0,SEPTEMBER,629595.0
PAPUA BARAT DAYA,2025,I Penyediaan Akomodasi dan Makan Minum,AGUSTUS,2697077.0,SEPTEMBER,629595.0
PAPUA BARAT DAYA,2025,J Informasi dan Komunikasi,AGUSTUS,6164638.0,SEPTEMBER,629595.0
PAPUA BARAT DAYA,2025,K Jasa Keuangan dan Asuransi,AGUSTUS,4460691.0,SEPTEMBER,629595.0
PAPUA BARAT DAYA,2025,"M,N Jasa Perusahaan",AGUSTUS,4401129.0,SEPTEMBER,629595.0
PAPUA BARAT DAYA,2025,"O Administrasi Pemerintahan, Pertahanan dan Jaminan Sosial Wajib",AGUSTUS,4325070.0,SEPTEMBER,629595.0
PAPUA BARAT DAYA,2025,P Jasa Pendidikan,AGUSTUS,3567839.0,SEPTEMBER,629595.0
PAPUA BARAT DAYA,2025,Q Jasa Kesehatan dan Kegiatan Sosial,AGUSTUS,3656038.0,SEPTEMBER,629595.0
PAPUA BARAT DAYA,2025,"R,S,T,U Jasa Lainnya",AGUSTUS,3176755.0,SEPTEMBER,629595.0
PAPUA BARAT DAYA,2025,Total,AGUSTUS,3837947.0,SEPTEMBER,629595.0
PAPUA,2025,"A Pertanian, Kehutanan dan Perikanan",AGUSTUS,3702570.0,SEPTEMBER,502801.0
PAPUA,2025,B Pertambangan dan Penggalian,AGUSTUS,4856000.0,SEPTEMBER,502801.0
PAPUA,2025,C Industri Pengolahan,AGUSTUS,4942013.0,SEPTEMBER,502801.0
PAPUA,2025,D Pengadaan Listrik dan Gas,AGUSTUS,6169643.0,SEPTEMBER,502801.0
PAPUA,2025,"E Pengadaan Air, Pengelolaan Sampah, Limbah dan Daur Ulang",AGUSTUS,4305836.0,SEPTEMBER,502801.0
PAPUA,2025,F Konstruksi,AGUSTUS,4027445.0,SEPTEMBER,502801.0
PAPUA,2025,"G Perdagangan Besar dan Eceran, Reparasi Mobil dan Sepeda Motor",AGUSTUS,4007967.0,SEPTEMBER,502801.0
PAPUA,2025,H Transportasi dan Pergudangan,AGUSTUS,3858197.0,SEPTEMBER,502801.0
PAPUA,2025,I Penyediaan Akomodasi dan Makan Minum,AGUSTUS,2706006.0,SEPTEMBER,502801.0
PAPUA,2025,J Informasi dan Komunikasi,AGUSTUS,4042799.0,SEPTEMBER,502801.0
PAPUA,2025,K Jasa Keuangan dan Asuransi,AGUSTUS,7042557.0,SEPTEMBER,502801.0
PAPUA,2025,"M,N Jasa Perusahaan",AGUSTUS,3937959.0,SEPTEMBER,502801.0
PAPUA,2025,"O Administrasi Pemerintahan, Pertahanan dan Jaminan Sosial Wajib",AGUSTUS,5128804.0,SEPTEMBER,502801.0
PAPUA,2025,P Jasa Pendidikan,AGUSTUS,3683659.0,SEPTEMBER,502801.0
PAPUA,2025,Q Jasa Kesehatan dan Kegiatan Sosial,AGUSTUS,3896079.0,SEPTEMBER,502801.0
PAPUA,2025,"R,S,T,U Jasa Lainnya",AGUSTUS,2899547.0,SEPTEMBER,502801.0
PAPUA,2025,Total,AGUSTUS,4426645.0,SEPTEMBER,502801.0
PAPUA SELATAN,2025,"A Pertanian, Kehutanan dan Perikanan",AGUSTUS,4685930.0,SEPTEMBER,450134.0
PAPUA SELATAN,2025,C Industri Pengolahan,AGUSTUS,3156243.0,SEPTEMBER,450134.0
PAPUA SELATAN,2025,D Pengadaan Listrik dan Gas,AGUSTUS,3729948.0,SEPTEMBER,450134.0
PAPUA SELATAN,2025,"E Pengadaan Air, Pengelolaan Sampah, Limbah dan Daur Ulang",AGUSTUS,3731429.0,SEPTEMBER,450134.0
PAPUA SELATAN,2025,F Konstruksi,AGUSTUS,3937978.0,SEPTEMBER,450134.0
PAPUA SELATAN,2025,"G Perdagangan Besar dan Eceran, Reparasi Mobil dan Sepeda Motor",AGUSTUS,2624043.0,SEPTEMBER,450134.0
PAPUA SELATAN,2025,H Transportasi dan Pergudangan,AGUSTUS,5146361.0,SEPTEMBER,450134.0
PAPUA SELATAN,2025,I Penyediaan Akomodasi dan Makan Minum,AGUSTUS,2718148.0,SEPTEMBER,450134.0
PAPUA SELATAN,2025,J Informasi dan Komunikasi,AGUSTUS,6604964.0,SEPTEMBER,450134.0
PAPUA SELATAN,2025,K Jasa Keuangan dan Asuransi,AGUSTUS,4331109.0,SEPTEMBER,450134.0
PAPUA SELATAN,2025,"M,N Jasa Perusahaan",AGUSTUS,4607137.0,SEPTEMBER,450134.0
PAPUA SELATAN,2025,"O Administrasi Pemerintahan, Pertahanan dan Jaminan Sosial Wajib",AGUSTUS,4461943.0,SEPTEMBER,450134.0
PAPUA SELATAN,2025,P Jasa Pendidikan,AGUSTUS,4632099.0,SEPTEMBER,450134.0
PAPUA SELATAN,2025,Q Jasa Kesehatan dan Kegiatan Sosial,AGUSTUS,3769842.0,SEPTEMBER,450134.0
PAPUA SELATAN,2025,"R,S,T,U Jasa Lainnya",AGUSTUS,2845447.0,SEPTEMBER,450134.0
PAPUA SELATAN,2025,Total,AGUSTUS,4264963.0,SEPTEMBER,450134.0
PAPUA TENGAH,2025,"A Pertanian, Kehutanan dan Perikanan",AGUSTUS,2902392.0,SEPTEMBER,662158.0
PAPUA TENGAH,2025,B Pertambangan dan Penggalian,AGUSTUS,9791755.0,SEPTEMBER,662158.0
PAPUA TENGAH,2025,C Industri Pengolahan,AGUSTUS,4657542.0,SEPTEMBER,662158.0
PAPUA TENGAH,2025,D Pengadaan Listrik dan Gas,AGUSTUS,6522003.0,SEPTEMBER,662158.0
PAPUA TENGAH,2025,"E Pengadaan Air, Pengelolaan Sampah, Limbah dan Daur Ulang",AGUSTUS,8596509.0,SEPTEMBER,662158.0
PAPUA TENGAH,2025,F Konstruksi,AGUSTUS,5120291.0,SEPTEMBER,662158.0
PAPUA TENGAH,2025,"G Perdagangan Besar dan Eceran, Reparasi Mobil dan Sepeda Motor",AGUSTUS,3638459.0,SEPTEMBER,662158.0
PAPUA TENGAH,2025,H Transportasi dan Pergudangan,AGUSTUS,4224670.0,SEPTEMBER,662158.0
PAPUA TENGAH,2025,J Informasi dan Komunikasi,AGUSTUS,3758780.0,SEPTEMBER,662158.0
PAPUA TENGAH,2025,K Jasa Keuangan dan Asuransi,AGUSTUS,9243617.0,SEPTEMBER,662158.0
PAPUA TENGAH,2025,"M,N Jasa Perusahaan",AGUSTUS,6526785.0,SEPTEMBER,662158.0
PAPUA TENGAH,2025,"O Administrasi Pemerintahan, Pertahanan dan Jaminan Sosial Wajib",AGUSTUS,4600774.0,SEPTEMBER,662158.0
PAPUA TENGAH,2025,P Jasa Pendidikan,AGUSTUS,3745161.0,SEPTEMBER,662158.0
PAPUA TENGAH,2025,Q Jasa Kesehatan dan Kegiatan Sosial,AGUSTUS,4160470.0,SEPTEMBER,662158.0
PAPUA TENGAH,2025,"R,S,T,U Jasa Lainnya",AGUSTUS,3820089.0,SEPTEMBER,662158.0
PAPUA TENGAH,2025,Total,AGUSTUS,4808336.0,SEPTEMBER,662158.0
PAPUA PEGUNUNGAN,2025,"A Pertanian, Kehutanan dan Perikanan",AGUSTUS,1769571.0,SEPTEMBER,942805.0
PAPUA PEGUNUNGAN,2025,C Industri Pengolahan,AGUSTUS,2761446.0,SEPTEMBER,942805.0
PAPUA PEGUNUNGAN,2025,F Konstruksi,AGUSTUS,4773837.0,SEPTEMBER,942805.0
PAPUA PEGUNUNGAN,2025,"G Perdagangan Besar dan Eceran, Reparasi Mobil dan Sepeda Motor",AGUSTUS,2879016.0,SEPTEMBER,942805.0
PAPUA PEGUNUNGAN,2025,H Transportasi dan Pergudangan,AGUSTUS,3123529.0,SEPTEMBER,942805.0
PAPUA PEGUNUNGAN,2025,"M,N Jasa Perusahaan",AGUSTUS,2045263.0,SEPTEMBER,942805.0
PAPUA PEGUNUNGAN,2025,"O Administrasi Pemerintahan, Pertahanan dan Jaminan Sosial Wajib",AGUSTUS,4984667.0,SEPTEMBER,942805.0
PAPUA PEGUNUNGAN,2025,P Jasa Pendidikan,AGUSTUS,4370497.0,SEPTEMBER,942805.0
PAPUA PEGUNUNGAN,2025,Q Jasa Kesehatan dan Kegiatan Sosial,AGUSTUS,4185124.0,SEPTEMBER,942805.0
PAPUA PEGUNUNGAN,2025,"R,S,T,U Jasa Lainnya",AGUSTUS,2409399.0,SEPTEMBER,942805.0
PAPUA PEGUNUNGAN,2025,Total,AGUSTUS,3941546.0,SEPTEMBER,942805.0
