provinsi,tahun,sektor,periode_upah,rata_rata_upah,periode_kemiskinan,gkm_makanan,rasio_daya_beli,gap_kesejahteraan,status_kerentanan
ACEH,2025,"A Pertanian, Kehutanan dan Perikanan",FEBRUARI,2228373.0,MARET,515075.0,4.33,1713298.0,RENTAN
ACEH,2025,B Pertambangan dan Penggalian,FEBRUARI,4305238.0,MARET,515075.0,8.36,3790163.0,AMAN
ACEH,2025,C Industri Pengolahan,FEBRUARI,2557211.0,MARET,515075.0,4.96,2042136.0,RENTAN
ACEH,2025,D Pengadaan Listrik dan Gas,FEBRUARI,5421924.0,MARET,515075.0,10.53,4906849.0,AMAN
ACEH,2025,"E Pengadaan Air, Pengelolaan Sampah, Limbah dan Daur Ulang",FEBRUARI,2581805.0,MARET,515075.0,5.01,2066730.0,AMAN
ACEH,2025,F Konstruksi,FEBRUARI,3014043.0,MARET,515075.0,5.85,2498968.0,AMAN
ACEH,2025,"G Perdagangan Besar dan Eceran, Reparasi Mobil dan Sepeda Motor",FEBRUARI,3332335.0,MARET,515075.0,6.47,2817260.0,AMAN
ACEH,2025,H Transportasi dan Pergudangan,FEBRUARI,3893380.0,MARET,515075.0,7.56,3378305.0,AMAN
ACEH,2025,I Penyediaan Akomodasi dan Makan Minum,FEBRUARI,1899211.0,MARET,515075.0,3.69,1384136.0,RENTAN
ACEH,2025,J Informasi dan Komunikasi,FEBRUARI,3174059.0,MARET,515075.0,6.16,2658984.0,AMAN
ACEH,2025,K Jasa Keuangan dan Asuransi,FEBRUARI,3806961.0,MARET,515075.0,7.39,3291886.0,AMAN
ACEH,2025,"M,N Jasa Perusahaan",FEBRUARI,3164315.0,MARET,515075.0,6.14,2649240.0,AMAN
ACEH,2025,"O Administrasi Pemerintahan, Pertahanan dan Jaminan Sosial Wajib",FEBRUARI,3685541.0,MARET,515075.0,7.16,3170466.0,AMAN
ACEH,2025,P Jasa Pendidikan,FEBRUARI,2601502.0,MARET,515075.0,5.05,2086427.0,AMAN
ACEH,2025,Q Jasa Kesehatan dan Kegiatan Sosial,FEBRUARI,2208454.0,MARET,515075.0,4.29,1693379.0,RENTAN
ACEH,2025,"R,S,T,U Jasa Lainnya",FEBRUARI,1507035.0,MARET,515075.0,2.93,991960.0,KRITIS
ACEH,2025,Total,FEBRUARI,2884151.0,MARET,515075.0,5.6,2369076.0,AMAN
SUMATERA UTARA,2025,"A Pertanian, Kehutanan dan Perikanan",FEBRUARI,1950963.0,MARET,509871.0,3.83,1441092.0,RENTAN
SUMATERA UTARA,2025,B Pertambangan dan Penggalian,FEBRUARI,2667616.0,MARET,509871.0,5.23,2157745.0,AMAN
SUMATERA UTARA,2025,C Industri Pengolahan,FEBRUARI,2695144.0,MARET,509871.0,5.29,2185273.0,AMAN
SUMATERA UTARA,2025,D Pengadaan Listrik dan Gas,FEBRUARI,3387534.0,MARET,509871.0,6.64,2877663.0,AMAN
SUMATERA UTARA,2025,"E Pengadaan Air, Pengelolaan Sampah, Limbah dan Daur Ulang",FEBRUARI,2172569.0,MARET,509871.0,4.26,1662698.0,RENTAN
SUMATERA UTARA,2025,F Konstruksi,FEBRUARI,2631735.0,MARET,509871.0,5.16,2121864.0,AMAN
SUMATERA UTARA,2025,"G Perdagangan Besar dan Eceran, Reparasi Mobil dan Sepeda Motor",FEBRUARI,2501416.0,MARET,509871.0,4.91,1991545.0,RENTAN
SUMATERA UTARA,2025,H Transportasi dan Pergudangan,FEBRUARI,3266215.0,MARET,509871.0,6.41,2756344.0,AMAN
SUMATERA UTARA,2025,I Penyediaan Akomodasi dan Makan Minum,FEBRUARI,1849739.0,MARET,509871.0,3.63,1339868.0,RENTAN
SUMATERA UTARA,2025,J Informasi dan Komunikasi,FEBRUARI,3638576.0,MARET,509871.0,7.14,3128705.0,AMAN
SUMATERA UTARA,2025,K Jasa Keuangan dan Asuransi,FEBRUARI,4639905.0,MARET,509871.0,9.1,4130034.0,AMAN
SUMATERA UTARA,2025,L Real Estate,FEBRUARI,3306366.0,MARET,509871.0,6.48,2796495.0,AMAN
SUMATERA UTARA,2025,"M,N Jasa Perusahaan",FEBRUARI,2287452.0,MARET,509871.0,4.49,1777581.0,RENTAN
SUMATERA UTARA,2025,"O Administrasi Pemerintahan, Pertahanan dan Jaminan Sosial Wajib",FEBRUARI,3129006.0,MARET,509871.0,6.14,2619135.0,AMAN
SUMATERA UTARA,2025,P Jasa Pendidikan,FEBRUARI,2719583.0,MARET,509871.0,5.33,2209712.0,AMAN
SUMATERA UTARA,2025,Q Jasa Kesehatan dan Kegiatan Sosial,FEBRUARI,3984348.0,MARET,509871.0,7.81,3474477.0,AMAN
SUMATERA UTARA,2025,"R,S,T,U Jasa Lainnya",FEBRUARI,1439289.0,MARET,509871.0,2.82,929418.0,KRITIS
SUMATERA UTARA,2025,Total,FEBRUARI,2647529.0,MARET,509871.0,5.19,2137658.0,AMAN
SUMATERA BARAT,2025,"A Pertanian, Kehutanan dan Perikanan",FEBRUARI,2119389.0,MARET,553733.0,3.83,1565656.0,RENTAN
SUMATERA BARAT,2025,B Pertambangan dan Penggalian,FEBRUARI,3270992.0,MARET,553733.0,5.91,2717259.0,AMAN
SUMATERA BARAT,2025,C Industri Pengolahan,FEBRUARI,2415850.0,MARET,553733.0,4.36,1862117.0,RENTAN
SUMATERA BARAT,2025,D Pengadaan Listrik dan Gas,FEBRUARI,5913850.0,MARET,553733.0,10.68,5360117.0,AMAN
SUMATERA BARAT,2025,"E Pengadaan Air, Pengelolaan Sampah, Limbah dan Daur Ulang",FEBRUARI,3048847.0,MARET,553733.0,5.51,2495114.0,AMAN
SUMATERA BARAT,2025,F Konstruksi,FEBRUARI,2811719.0,MARET,553733.0,5.08,2257986.0,AMAN
SUMATERA BARAT,2025,"G Perdagangan Besar dan Eceran, Reparasi Mobil dan Sepeda Motor",FEBRUARI,2409372.0,MARET,553733.0,4.35,1855639.0,RENTAN
SUMATERA BARAT,2025,H Transportasi dan Pergudangan,FEBRUARI,2460654.0,MARET,553733.0,4.44,1906921.0,RENTAN
SUMATERA BARAT,2025,I Penyediaan Akomodasi dan Makan Minum,FEBRUARI,1747326.0,MARET,553733.0,3.16,1193593.0,RENTAN
SUMATERA BARAT,2025,J Informasi dan Komunikasi,FEBRUARI,1964113.0,MARET,553733.0,3.55,1410380.0,RENTAN
SUMATERA BARAT,2025,K Jasa Keuangan dan Asuransi,FEBRUARI,4205248.0,MARET,553733.0,7.59,3651515.0,AMAN
SUMATERA BARAT,2025,"M,N Jasa Perusahaan",FEBRUARI,2795109.0,MARET,553733.0,5.05,2241376.0,AMAN
SUMATERA BARAT,2025,"O Administrasi Pemerintahan, Pertahanan dan Jaminan Sosial Wajib",FEBRUARI,3559225.0,MARET,553733.0,6.43,3005492.0,AMAN
SUMATERA BARAT,2025,P Jasa Pendidikan,FEBRUARI,2905448.0,MARET,553733.0,5.25,2351715.0,AMAN
SUMATERA BARAT,2025,Q Jasa Kesehatan dan Kegiatan Sosial,FEBRUARI,3255629.0,MARET,553733.0,5.88,2701896.0,AMAN
SUMATERA BARAT,2025,"R,S,T,U Jasa Lainnya",FEBRUARI,1703040.0,MARET,553733.0,3.08,1149307.0,RENTAN
SUMATERA BARAT,2025,Total,FEBRUARI,2831404.0,MARET,553733.0,5.11,2277671.0,AMAN
RIAU,2025,"A Pertanian, Kehutanan dan Perikanan",FEBRUARI,2597909.0,MARET,525806.0,4.94,2072103.0,RENTAN
RIAU,2025,B Pertambangan dan Penggalian,FEBRUARI,5746281.0,MARET,525806.0,10.93,5220475.0,AMAN
RIAU,2025,C Industri Pengolahan,FEBRUARI,3850417.0,MARET,525806.0,7.32,3324611.0,AMAN
RIAU,2025,D Pengadaan Listrik dan Gas,FEBRUARI,6309772.0,MARET,525806.0,12.0,5783966.0,AMAN
RIAU,2025,"E Pengadaan Air, Pengelolaan Sampah, Limbah dan Daur Ulang",FEBRUARI,2455167.0,MARET,525806.0,4.67,1929361.0,RENTAN
RIAU,2025,F Konstruksi,FEBRUARI,3039411.0,MARET,525806.0,5.78,2513605.0,AMAN
RIAU,2025,"G Perdagangan Besar dan Eceran, Reparasi Mobil dan Sepeda Motor",FEBRUARI,2592471.0,MARET,525806.0,4.93,2066665.0,RENTAN
RIAU,2025,H Transportasi dan Pergudangan,FEBRUARI,3691124.0,MARET,525806.0,7.02,3165318.0,AMAN
RIAU,2025,I Penyediaan Akomodasi dan Makan Minum,FEBRUARI,2504459.0,MARET,525806.0,4.76,1978653.0,RENTAN
RIAU,2025,J Informasi dan Komunikasi,FEBRUARI,3695123.0,MARET,525806.0,7.03,3169317.0,AMAN
RIAU,2025,K Jasa Keuangan dan Asuransi,FEBRUARI,4313004.0,MARET,525806.0,8.2,3787198.0,AMAN
RIAU,2025,L Real Estate,FEBRUARI,3808534.0,MARET,525806.0,7.24,3282728.0,AMAN
RIAU,2025,"M,N Jasa Perusahaan",FEBRUARI,2931661.0,MARET,525806.0,5.58,2405855.0,AMAN
RIAU,2025,"O Administrasi Pemerintahan, Pertahanan dan Jaminan Sosial Wajib",FEBRUARI,3290958.0,MARET,525806.0,6.26,2765152.0,AMAN
RIAU,2025,P Jasa Pendidikan,FEBRUARI,3053805.0,MARET,525806.0,5.81,2527999.0,AMAN
RIAU,2025,Q Jasa Kesehatan dan Kegiatan Sosial,FEBRUARI,2889287.0,MARET,525806.0,5.49,2363481.0,AMAN
RIAU,2025,"R,S,T,U Jasa Lainnya",FEBRUARI,2170657.0,MARET,525806.0,4.13,1644851.0,RENTAN
RIAU,2025,Total,FEBRUARI,3083274.0,MARET,525806.0,5.86,2557468.0,AMAN
JAMBI,2025,"A Pertanian, Kehutanan dan Perikanan",FEBRUARI,2124354.0,MARET,501425.0,4.24,1622929.0,RENTAN
JAMBI,2025,B Pertambangan dan Penggalian,FEBRUARI,3629933.0,MARET,501425.0,7.24,3128508.0,AMAN
JAMBI,2025,C Industri Pengolahan,FEBRUARI,2821050.0,MARET,501425.0,5.63,2319625.0,AMAN
JAMBI,2025,D Pengadaan Listrik dan Gas,FEBRUARI,3484339.0,MARET,501425.0,6.95,2982914.0,AMAN
JAMBI,2025,F Konstruksi,FEBRUARI,3037800.0,MARET,501425.0,6.06,2536375.0,AMAN
JAMBI,2025,"G Perdagangan Besar dan Eceran, Reparasi Mobil dan Sepeda Motor",FEBRUARI,2417010.0,MARET,501425.0,4.82,1915585.0,RENTAN
JAMBI,2025,H Transportasi dan Pergudangan,FEBRUARI,3968981.0,MARET,501425.0,7.92,3467556.0,AMAN
JAMBI,2025,I Penyediaan Akomodasi dan Makan Minum,FEBRUARI,1677292.0,MARET,501425.0,3.35,1175867.0,RENTAN
JAMBI,2025,J Informasi dan Komunikasi,FEBRUARI,3835937.0,MARET,501425.0,7.65,3334512.0,AMAN
JAMBI,2025,K Jasa Keuangan dan Asuransi,FEBRUARI,3011289.0,MARET,501425.0,6.01,2509864.0,AMAN
JAMBI,2025,"M,N Jasa Perusahaan",FEBRUARI,2808645.0,MARET,501425.0,5.6,2307220.0,AMAN
JAMBI,2025,"O Administrasi Pemerintahan, Pertahanan dan Jaminan Sosial Wajib",FEBRUARI,3796940.0,MARET,501425.0,7.57,3295515.0,AMAN
JAMBI,2025,P Jasa Pendidikan,FEBRUARI,2902078.0,MARET,501425.0,5.79,2400653.0,AMAN
JAMBI,2025,Q Jasa Kesehatan dan Kegiatan Sosial,FEBRUARI,2901689.0,MARET,501425.0,5.79,2400264.0,AMAN
JAMBI,2025,"R,S,T,U Jasa Lainnya",FEBRUARI,1502896.0,MARET,501425.0,3.0,1001471.0,KRITIS
JAMBI,2025,Total,FEBRUARI,2789581.0,MARET,501425.0,5.56,2288156.0,AMAN
SUMATERA SELATAN,2025,"A Pertanian, Kehutanan dan Perikanan",FEBRUARI,2036244.0,MARET,436639.0,4.66,1599605.0,RENTAN
SUMATERA SELATAN,2025,B Pertambangan dan Penggalian,FEBRUARI,5372913.0,MARET,436639.0,12.31,4936274.0,AMAN
SUMATERA SELATAN,2025,C Industri Pengolahan,FEBRUARI,2816775.0,MARET,436639.0,6.45,2380136.0,AMAN
SUMATERA SELATAN,2025,D Pengadaan Listrik dan Gas,FEBRUARI,5003443.0,MARET,436639.0,11.46,4566804.0,AMAN
SUMATERA SELATAN,2025,"E Pengadaan Air, Pengelolaan Sampah, Limbah dan Daur Ulang",FEBRUARI,2209857.0,MARET,436639.0,5.06,1773218.0,AMAN
SUMATERA SELATAN,2025,F Konstruksi,FEBRUARI,2579261.0,MARET,436639.0,5.91,2142622.0,AMAN
SUMATERA SELATAN,2025,"G Perdagangan Besar dan Eceran, Reparasi Mobil dan Sepeda Motor",FEBRUARI,2475334.0,MARET,436639.0,5.67,2038695.0,AMAN
SUMATERA SELATAN,2025,H Transportasi dan Pergudangan,FEBRUARI,3263032.0,MARET,436639.0,7.47,2826393.0,AMAN
SUMATERA SELATAN,2025,I Penyediaan Akomodasi dan Makan Minum,FEBRUARI,2042597.0,MARET,436639.0,4.68,1605958.0,RENTAN
SUMATERA SELATAN,2025,J Informasi dan Komunikasi,FEBRUARI,2346244.0,MARET,436639.0,5.37,1909605.0,AMAN
SUMATERA SELATAN,2025,K Jasa Keuangan dan Asuransi,FEBRUARI,6538933.0,MARET,436639.0,14.98,6102294.0,AMAN
SUMATERA SELATAN,2025,L Real Estate,FEBRUARI,3216569.0,MARET,436639.0,7.37,2779930.0,AMAN
SUMATERA SELATAN,2025,"M,N Jasa Perusahaan",FEBRUARI,2833991.0,MARET,436639.0,6.49,2397352.0,AMAN
SUMATERA SELATAN,2025,"O Administrasi Pemerintahan, Pertahanan dan Jaminan Sosial Wajib",FEBRUARI,3016951.0,MARET,436639.0,6.91,2580312.0,AMAN
SUMATERA SELATAN,2025,P Jasa Pendidikan,FEBRUARI,2694338.0,MARET,436639.0,6.17,2257699.0,AMAN
SUMATERA SELATAN,2025,Q Jasa Kesehatan dan Kegiatan Sosial,FEBRUARI,2911147.0,MARET,436639.0,6.67,2474508.0,AMAN
SUMATERA SELATAN,2025,"R,S,T,U Jasa Lainnya",FEBRUARI,1394667.0,MARET,436639.0,3.19,958028.0,RENTAN
SUMATERA SELATAN,2025,Total,FEBRUARI,2727684.0,MARET,436639.0,6.25,2291045.0,AMAN
BENGKULU,2025,"A Pertanian, Kehutanan dan Perikanan",FEBRUARI,2135850.0,MARET,503475.0,4.24,1632375.0,RENTAN
BENGKULU,2025,B Pertambangan dan Penggalian,FEBRUARI,4235185.0,MARET,503475.0,8.41,3731710.0,AMAN
BENGKULU,2025,C Industri Pengolahan,FEBRUARI,2123224.0,MARET,503475.0,4.22,1619749.0,RENTAN
BENGKULU,2025,D Pengadaan Listrik dan Gas,FEBRUARI,2685226.0,MARET,503475.0,5.33,2181751.0,AMAN
BENGKULU,2025,F Konstruksi,FEBRUARI,2799761.0,MARET,503475.0,5.56,2296286.0,AMAN
BENGKULU,2025,"G Perdagangan Besar dan Eceran, Reparasi Mobil dan Sepeda Motor",FEBRUARI,2081938.0,MARET,503475.0,4.14,1578463.0,RENTAN
BENGKULU,2025,H Transportasi dan Pergudangan,FEBRUARI,2362931.0,MARET,503475.0,4.69,1859456.0,RENTAN
BENGKULU,2025,I Penyediaan Akomodasi dan Makan Minum,FEBRUARI,1817694.0,MARET,503475.0,3.61,1314219.0,RENTAN
BENGKULU,2025,J Informasi dan Komunikasi,FEBRUARI,2852645.0,MARET,503475.0,5.67,2349170.0,AMAN
BENGKULU,2025,K Jasa Keuangan dan Asuransi,FEBRUARI,4527321.0,MARET,503475.0,8.99,4023846.0,AMAN
BENGKULU,2025,"M,N Jasa Perusahaan",FEBRUARI,2713722.0,MARET,503475.0,5.39,2210247.0,AMAN
BENGKULU,2025,"O Administrasi Pemerintahan, Pertahanan dan Jaminan Sosial Wajib",FEBRUARI,3460404.0,MARET,503475.0,6.87,2956929.0,AMAN
BENGKULU,2025,P Jasa Pendidikan,FEBRUARI,2159107.0,MARET,503475.0,4.29,1655632.0,RENTAN
BENGKULU,2025,Q Jasa Kesehatan dan Kegiatan Sosial,FEBRUARI,2580408.0,MARET,503475.0,5.13,2076933.0,AMAN
BENGKULU,2025,"R,S,T,U Jasa Lainnya",FEBRUARI,1485903.0,MARET,503475.0,2.95,982428.0,KRITIS
BENGKULU,2025,Total,FEBRUARI,2566215.0,MARET,503475.0,5.1,2062740.0,AMAN
LAMPUNG,2025,"A Pertanian, Kehutanan dan Perikanan",FEBRUARI,1876072.0,MARET,457878.0,4.1,1418194.0,RENTAN
LAMPUNG,2025,B Pertambangan dan Penggalian,FEBRUARI,3062850.0,MARET,457878.0,6.69,2604972.0,AMAN
LAMPUNG,2025,C Industri Pengolahan,FEBRUARI,2337863.0,MARET,457878.0,5.11,1879985.0,AMAN
LAMPUNG,2025,D Pengadaan Listrik dan Gas,FEBRUARI,3556171.0,MARET,457878.0,7.77,3098293.0,AMAN
LAMPUNG,2025,"E Pengadaan Air, Pengelolaan Sampah, Limbah dan Daur Ulang",FEBRUARI,2564459.0,MARET,457878.0,5.6,2106581.0,AMAN
LAMPUNG,2025,F Konstruksi,FEBRUARI,2480542.0,MARET,457878.0,5.42,2022664.0,AMAN
LAMPUNG,2025,"G Perdagangan Besar dan Eceran, Reparasi Mobil dan Sepeda Motor",FEBRUARI,2038883.0,MARET,457878.0,4.45,1581005.0,RENTAN
LAMPUNG,2025,H Transportasi dan Pergudangan,FEBRUARI,2422700.0,MARET,457878.0,5.29,1964822.0,AMAN
LAMPUNG,2025,I Penyediaan Akomodasi dan Makan Minum,FEBRUARI,1742375.0,MARET,457878.0,3.81,1284497.0,RENTAN
LAMPUNG,2025,J Informasi dan Komunikasi,FEBRUARI,2209425.0,MARET,457878.0,4.83,1751547.0,RENTAN
LAMPUNG,2025,K Jasa Keuangan dan Asuransi,FEBRUARI,3843756.0,MARET,457878.0,8.39,3385878.0,AMAN
LAMPUNG,2025,"M,N Jasa Perusahaan",FEBRUARI,2797649.0,MARET,457878.0,6.11,2339771.0,AMAN
LAMPUNG,2025,"O Administrasi Pemerintahan, Pertahanan dan Jaminan Sosial Wajib",FEBRUARI,3262600.0,MARET,457878.0,7.13,2804722.0,AMAN
LAMPUNG,2025,P Jasa Pendidikan,FEBRUARI,2276268.0,MARET,457878.0,4.97,1818390.0,RENTAN
LAMPUNG,2025,Q Jasa Kesehatan dan Kegiatan Sosial,FEBRUARI,2550776.0,MARET,457878.0,5.57,2092898.0,AMAN
LAMPUNG,2025,"R,S,T,U Jasa Lainnya",FEBRUARI,1379327.0,MARET,457878.0,3.01,921449.0,RENTAN
LAMPUNG,2025,Total,FEBRUARI,2320932.0,MARET,457878.0,5.07,1863054.0,AMAN
KEP. BANGKA BELITUNG,2025,"A Pertanian, Kehutanan dan Perikanan",FEBRUARI,3026590.0,MARET,706833.0,4.28,2319757.0,RENTAN
KEP. BANGKA BELITUNG,2025,B Pertambangan dan Penggalian,FEBRUARI,3548486.0,MARET,706833.0,5.02,2841653.0,AMAN
KEP. BANGKA BELITUNG,2025,C Industri Pengolahan,FEBRUARI,2680885.0,MARET,706833.0,3.79,1974052.0,RENTAN
KEP. BANGKA BELITUNG,2025,D Pengadaan Listrik dan Gas,FEBRUARI,4969135.0,MARET,706833.0,7.03,4262302.0,AMAN
KEP. BANGKA BELITUNG,2025,"E Pengadaan Air, Pengelolaan Sampah, Limbah dan Daur Ulang",FEBRUARI,2185000.0,MARET,706833.0,3.09,1478167.0,RENTAN
KEP. BANGKA BELITUNG,2025,F Konstruksi,FEBRUARI,3109408.0,MARET,706833.0,4.4,2402575.0,RENTAN
KEP. BANGKA BELITUNG,2025,"G Perdagangan Besar dan Eceran, Reparasi Mobil dan Sepeda Motor",FEBRUARI,2759839.0,MARET,706833.0,3.9,2053006.0,RENTAN
KEP. BANGKA BELITUNG,2025,H Transportasi dan Pergudangan,FEBRUARI,3376651.0,MARET,706833.0,4.78,2669818.0,RENTAN
KEP. BANGKA BELITUNG,2025,I Penyediaan Akomodasi dan Makan Minum,FEBRUARI,2425171.0,MARET,706833.0,3.43,1718338.0,RENTAN
KEP. BANGKA BELITUNG,2025,J Informasi dan Komunikasi,FEBRUARI,2659890.0,MARET,706833.0,3.76,1953057.0,RENTAN
KEP. BANGKA BELITUNG,2025,K Jasa Keuangan dan Asuransi,FEBRUARI,3614653.0,MARET,706833.0,5.11,2907820.0,AMAN
KEP. BANGKA BELITUNG,2025,L Real Estate,FEBRUARI,3715990.0,MARET,706833.0,5.26,3009157.0,AMAN
KEP. BANGKA BELITUNG,2025,"M,N Jasa Perusahaan",FEBRUARI,3111598.0,MARET,706833.0,4.4,2404765.0,RENTAN
KEP. BANGKA BELITUNG,2025,"O Administrasi Pemerintahan, Pertahanan dan Jaminan Sosial Wajib",FEBRUARI,4335639.0,MARET,706833.0,6.13,3628806.0,AMAN
KEP. BANGKA BELITUNG,2025,P Jasa Pendidikan,FEBRUARI,2980886.0,MARET,706833.0,4.22,2274053.0,RENTAN
KEP. BANGKA BELITUNG,2025,Q Jasa Kesehatan dan Kegiatan Sosial,FEBRUARI,3589044.0,MARET,706833.0,5.08,2882211.0,AMAN
KEP. BANGKA BELITUNG,2025,"R,S,T,U Jasa Lainnya",FEBRUARI,1587708.0,MARET,706833.0,2.25,880875.0,KRITIS
KEP. BANGKA BELITUNG,2025,Total,FEBRUARI,3155887.0,MARET,706833.0,4.46,2449054.0,RENTAN
KEP. RIAU,2025,"A Pertanian, Kehutanan dan Perikanan",FEBRUARI,3232740.0,MARET,570132.0,5.67,2662608.0,AMAN
KEP. RIAU,2025,B Pertambangan dan Penggalian,FEBRUARI,11567732.0,MARET,570132.0,20.29,10997600.0,AMAN
KEP. RIAU,2025,C Industri Pengolahan,FEBRUARI,6354518.0,MARET,570132.0,11.15,5784386.0,AMAN
KEP. RIAU,2025,D Pengadaan Listrik dan Gas,FEBRUARI,5734975.0,MARET,570132.0,10.06,5164843.0,AMAN
KEP. RIAU,2025,"E Pengadaan Air, Pengelolaan Sampah, Limbah dan Daur Ulang",FEBRUARI,3044892.0,MARET,570132.0,5.34,2474760.0,AMAN
KEP. RIAU,2025,F Konstruksi,FEBRUARI,3827420.0,MARET,570132.0,6.71,3257288.0,AMAN
KEP. RIAU,2025,"G Perdagangan Besar dan Eceran, Reparasi Mobil dan Sepeda Motor",FEBRUARI,3778517.0,MARET,570132.0,6.63,3208385.0,AMAN
KEP. RIAU,2025,H Transportasi dan Pergudangan,FEBRUARI,4809589.0,MARET,570132.0,8.44,4239457.0,AMAN
KEP. RIAU,2025,I Penyediaan Akomodasi dan Makan Minum,FEBRUARI,3459829.0,MARET,570132.0,6.07,2889697.0,AMAN
KEP. RIAU,2025,J Informasi dan Komunikasi,FEBRUARI,3708638.0,MARET,570132.0,6.5,3138506.0,AMAN
KEP. RIAU,2025,K Jasa Keuangan dan Asuransi,FEBRUARI,5889212.0,MARET,570132.0,10.33,5319080.0,AMAN
KEP. RIAU,2025,L Real Estate,FEBRUARI,4404260.0,MARET,570132.0,7.72,3834128.0,AMAN
KEP. RIAU,2025,"M,N Jasa Perusahaan",FEBRUARI,3921029.0,MARET,570132.0,6.88,3350897.0,AMAN
KEP. RIAU,2025,"O Administrasi Pemerintahan, Pertahanan dan Jaminan Sosial Wajib",FEBRUARI,4746871.0,MARET,570132.0,8.33,4176739.0,AMAN
KEP. RIAU,2025,P Jasa Pendidikan,FEBRUARI,3805259.0,MARET,570132.0,6.67,3235127.0,AMAN
KEP. RIAU,2025,Q Jasa Kesehatan dan Kegiatan Sosial,FEBRUARI,4889051.0,MARET,570132.0,8.58,4318919.0,AMAN
KEP. RIAU,2025,"R,S,T,U Jasa Lainnya",FEBRUARI,2210538.0,MARET,570132.0,3.88,1640406.0,RENTAN
KEP. RIAU,2025,Total,FEBRUARI,4741492.0,MARET,570132.0,8.32,4171360.0,AMAN
DKI JAKARTA,2025,B Pertambangan dan Penggalian,FEBRUARI,20842176.0,MARET,591933.0,35.21,20250243.0,AMAN
DKI JAKARTA,2025,C Industri Pengolahan,FEBRUARI,4300416.0,MARET,591933.0,7.27,3708483.0,AMAN
DKI JAKARTA,2025,D Pengadaan Listrik dan Gas,FEBRUARI,7424615.0,MARET,591933.0,12.54,6832682.0,AMAN
DKI JAKARTA,2025,"E Pengadaan Air, Pengelolaan Sampah, Limbah dan Daur Ulang",FEBRUARI,7726039.0,MARET,591933.0,13.05,7134106.0,AMAN
DKI JAKARTA,2025,F Konstruksi,FEBRUARI,4471461.0,MARET,591933.0,7.55,3879528.0,AMAN
DKI JAKARTA,2025,"G Perdagangan Besar dan Eceran, Reparasi Mobil dan Sepeda Motor",FEBRUARI,4086015.0,MARET,591933.0,6.9,3494082.0,AMAN
DKI JAKARTA,2025,H Transportasi dan Pergudangan,FEBRUARI,4527338.0,MARET,591933.0,7.65,3935405.0,AMAN
DKI JAKARTA,2025,I Penyediaan Akomodasi dan Makan Minum,FEBRUARI,3710478.0,MARET,591933.0,6.27,3118545.0,AMAN
DKI JAKARTA,2025,J Informasi dan Komunikasi,FEBRUARI,7587938.0,MARET,591933.0,12.82,6996005.0,AMAN
DKI JAKARTA,2025,K Jasa Keuangan dan Asuransi,FEBRUARI,7564045.0,MARET,591933.0,12.78,6972112.0,AMAN
DKI JAKARTA,2025,L Real Estate,FEBRUARI,3853610.0,MARET,591933.0,6.51,3261677.0,AMAN
DKI JAKARTA,2025,"M,N Jasa Perusahaan",FEBRUARI,7596216.0,MARET,591933.0,12.83,7004283.0,AMAN
DKI JAKARTA,2025,"O Administrasi Pemerintahan, Pertahanan dan Jaminan Sosial Wajib",FEBRUARI,5367176.0,MARET,591933.0,9.07,4775243.0,AMAN
DKI JAKARTA,2025,P Jasa Pendidikan,FEBRUARI,5447000.0,MARET,591933.0,9.2,4855067.0,AMAN
DKI JAKARTA,2025,Q Jasa Kesehatan dan Kegiatan Sosial,FEBRUARI,6666567.0,MARET,591933.0,11.26,6074634.0,AMAN
DKI JAKARTA,2025,"R,S,T,U Jasa Lainnya",FEBRUARI,2560843.0,MARET,591933.0,4.33,1968910.0,RENTAN
DKI JAKARTA,2025,Total,FEBRUARI,4878943.0,MARET,591933.0,8.24,4287010.0,AMAN
JAWA BARAT,2025,"A Pertanian, Kehutanan dan Perikanan",FEBRUARI,1682564.0,MARET,410143.0,4.1,1272421.0,RENTAN
JAWA BARAT,2025,B Pertambangan dan Penggalian,FEBRUARI,3203262.0,MARET,410143.0,7.81,2793119.0,AMAN
JAWA BARAT,2025,C Industri Pengolahan,FEBRUARI,3538972.0,MARET,410143.0,8.63,3128829.0,AMAN
JAWA BARAT,2025,D Pengadaan Listrik dan Gas,FEBRUARI,5744939.0,MARET,410143.0,14.01,5334796.0,AMAN
JAWA BARAT,2025,"E Pengadaan Air, Pengelolaan Sampah, Limbah dan Daur Ulang",FEBRUARI,3298231.0,MARET,410143.0,8.04,2888088.0,AMAN
JAWA BARAT,2025,F Konstruksi,FEBRUARI,3237564.0,MARET,410143.0,7.89,2827421.0,AMAN
JAWA BARAT,2025,"G Perdagangan Besar dan Eceran, Reparasi Mobil dan Sepeda Motor",FEBRUARI,2971218.0,MARET,410143.0,7.24,2561075.0,AMAN
JAWA BARAT,2025,H Transportasi dan Pergudangan,FEBRUARI,3573027.0,MARET,410143.0,8.71,3162884.0,AMAN
JAWA BARAT,2025,I Penyediaan Akomodasi dan Makan Minum,FEBRUARI,2312663.0,MARET,410143.0,5.64,1902520.0,AMAN
JAWA BARAT,2025,J Informasi dan Komunikasi,FEBRUARI,4810003.0,MARET,410143.0,11.73,4399860.0,AMAN
JAWA BARAT,2025,K Jasa Keuangan dan Asuransi,FEBRUARI,5850895.0,MARET,410143.0,14.27,5440752.0,AMAN
JAWA BARAT,2025,L Real Estate,FEBRUARI,5901580.0,MARET,410143.0,14.39,5491437.0,AMAN
JAWA BARAT,2025,"M,N Jasa Perusahaan",FEBRUARI,4182863.0,MARET,410143.0,10.2,3772720.0,AMAN
JAWA BARAT,2025,"O Administrasi Pemerintahan, Pertahanan dan Jaminan Sosial Wajib",FEBRUARI,3458991.0,MARET,410143.0,8.43,3048848.0,AMAN
JAWA BARAT,2025,P Jasa Pendidikan,FEBRUARI,2549236.0,MARET,410143.0,6.22,2139093.0,AMAN
JAWA BARAT,2025,Q Jasa Kesehatan dan Kegiatan Sosial,FEBRUARI,4575298.0,MARET,410143.0,11.16,4165155.0,AMAN
JAWA BARAT,2025,"R,S,T,U Jasa Lainnya",FEBRUARI,1655860.0,MARET,410143.0,4.04,1245717.0,RENTAN
JAWA BARAT,2025,Total,FEBRUARI,3258613.0,MARET,410143.0,7.95,2848470.0,AMAN
JAWA TENGAH,2025,"A Pertanian, Kehutanan dan Perikanan",FEBRUARI,2382574.0,MARET,407576.0,5.85,1974998.0,AMAN
JAWA TENGAH,2025,B Pertambangan dan Penggalian,FEBRUARI,2431558.0,MARET,407576.0,5.97,2023982.0,AMAN
JAWA TENGAH,2025,C Industri Pengolahan,FEBRUARI,2165389.0,MARET,407576.0,5.31,1757813.0,AMAN
JAWA TENGAH,2025,D Pengadaan Listrik dan Gas,FEBRUARI,3103467.0,MARET,407576.0,7.61,2695891.0,AMAN
JAWA TENGAH,2025,"E Pengadaan Air, Pengelolaan Sampah, Limbah dan Daur Ulang",FEBRUARI,2558281.0,MARET,407576.0,6.28,2150705.0,AMAN
JAWA TENGAH,2025,F Konstruksi,FEBRUARI,2958471.0,MARET,407576.0,7.26,2550895.0,AMAN
JAWA TENGAH,2025,"G Perdagangan Besar dan Eceran, Reparasi Mobil dan Sepeda Motor",FEBRUARI,2007328.0,MARET,407576.0,4.93,1599752.0,RENTAN
JAWA TENGAH,2025,H Transportasi dan Pergudangan,FEBRUARI,2848878.0,MARET,407576.0,6.99,2441302.0,AMAN
JAWA TENGAH,2025,I Penyediaan Akomodasi dan Makan Minum,FEBRUARI,1726184.0,MARET,407576.0,4.24,1318608.0,RENTAN
JAWA TENGAH,2025,J Informasi dan Komunikasi,FEBRUARI,2343680.0,MARET,407576.0,5.75,1936104.0,AMAN
JAWA TENGAH,2025,K Jasa Keuangan dan Asuransi,FEBRUARI,3528237.0,MARET,407576.0,8.66,3120661.0,AMAN
JAWA TENGAH,2025,L Real Estate,FEBRUARI,3031181.0,MARET,407576.0,7.44,2623605.0,AMAN
JAWA TENGAH,2025,"M,N Jasa Perusahaan",FEBRUARI,2832101.0,MARET,407576.0,6.95,2424525.0,AMAN
JAWA TENGAH,2025,"O Administrasi Pemerintahan, Pertahanan dan Jaminan Sosial Wajib",FEBRUARI,3993237.0,MARET,407576.0,9.8,3585661.0,AMAN
JAWA TENGAH,2025,P Jasa Pendidikan,FEBRUARI,2507285.0,MARET,407576.0,6.15,2099709.0,AMAN
JAWA TENGAH,2025,Q Jasa Kesehatan dan Kegiatan Sosial,FEBRUARI,2906691.0,MARET,407576.0,7.13,2499115.0,AMAN
JAWA TENGAH,2025,"R,S,T,U Jasa Lainnya",FEBRUARI,1478362.0,MARET,407576.0,3.63,1070786.0,RENTAN
JAWA TENGAH,2025,Total,FEBRUARI,2441045.0,MARET,407576.0,5.99,2033469.0,AMAN
DI YOGYAKARTA,2025,"A Pertanian, Kehutanan dan Perikanan",FEBRUARI,1629083.0,MARET,457221.0,3.56,1171862.0,RENTAN
DI YOGYAKARTA,2025,C Industri Pengolahan,FEBRUARI,2177093.0,MARET,457221.0,4.76,1719872.0,RENTAN
DI YOGYAKARTA,2025,D Pengadaan Listrik dan Gas,FEBRUARI,3630243.0,MARET,457221.0,7.94,3173022.0,AMAN
DI YOGYAKARTA,2025,"E Pengadaan Air, Pengelolaan Sampah, Limbah dan Daur Ulang",FEBRUARI,1724373.0,MARET,457221.0,3.77,1267152.0,RENTAN
DI YOGYAKARTA,2025,F Konstruksi,FEBRUARI,2493770.0,MARET,457221.0,5.45,2036549.0,AMAN
DI YOGYAKARTA,2025,"G Perdagangan Besar dan Eceran, Reparasi Mobil dan Sepeda Motor",FEBRUARI,2333325.0,MARET,457221.0,5.1,1876104.0,AMAN
DI YOGYAKARTA,2025,H Transportasi dan Pergudangan,FEBRUARI,4086705.0,MARET,457221.0,8.94,3629484.0,AMAN
DI YOGYAKARTA,2025,I Penyediaan Akomodasi dan Makan Minum,FEBRUARI,1962483.0,MARET,457221.0,4.29,1505262.0,RENTAN
DI YOGYAKARTA,2025,J Informasi dan Komunikasi,FEBRUARI,3987805.0,MARET,457221.0,8.72,3530584.0,AMAN
DI YOGYAKARTA,2025,K Jasa Keuangan dan Asuransi,FEBRUARI,3413811.0,MARET,457221.0,7.47,2956590.0,AMAN
DI YOGYAKARTA,2025,"M,N Jasa Perusahaan",FEBRUARI,2677743.0,MARET,457221.0,5.86,2220522.0,AMAN
DI YOGYAKARTA,2025,"O Administrasi Pemerintahan, Pertahanan dan Jaminan Sosial Wajib",FEBRUARI,4756112.0,MARET,457221.0,10.4,4298891.0,AMAN
DI YOGYAKARTA,2025,P Jasa Pendidikan,FEBRUARI,3328660.0,MARET,457221.0,7.28,2871439.0,AMAN
DI YOGYAKARTA,2025,Q Jasa Kesehatan dan Kegiatan Sosial,FEBRUARI,6555351.0,MARET,457221.0,14.34,6098130.0,AMAN
DI YOGYAKARTA,2025,"R,S,T,U Jasa Lainnya",FEBRUARI,1655014.0,MARET,457221.0,3.62,1197793.0,RENTAN
DI YOGYAKARTA,2025,Total,FEBRUARI,2914645.0,MARET,457221.0,6.37,2457424.0,AMAN
JAWA TIMUR,2025,"A Pertanian, Kehutanan dan Perikanan",FEBRUARI,1649242.0,MARET,425719.0,3.87,1223523.0,RENTAN
JAWA TIMUR,2025,B Pertambangan dan Penggalian,FEBRUARI,3094140.0,MARET,425719.0,7.27,2668421.0,AMAN
JAWA TIMUR,2025,C Industri Pengolahan,FEBRUARI,2813940.0,MARET,425719.0,6.61,2388221.0,AMAN
JAWA TIMUR,2025,D Pengadaan Listrik dan Gas,FEBRUARI,6079508.0,MARET,425719.0,14.28,5653789.0,AMAN
JAWA TIMUR,2025,"E Pengadaan Air, Pengelolaan Sampah, Limbah dan Daur Ulang",FEBRUARI,1972273.0,MARET,425719.0,4.63,1546554.0,RENTAN
JAWA TIMUR,2025,F Konstruksi,FEBRUARI,2699207.0,MARET,425719.0,6.34,2273488.0,AMAN
JAWA TIMUR,2025,"G Perdagangan Besar dan Eceran, Reparasi Mobil dan Sepeda Motor",FEBRUARI,2199257.0,MARET,425719.0,5.17,1773538.0,AMAN
JAWA TIMUR,2025,H Transportasi dan Pergudangan,FEBRUARI,3326043.0,MARET,425719.0,7.81,2900324.0,AMAN
JAWA TIMUR,2025,I Penyediaan Akomodasi dan Makan Minum,FEBRUARI,1996022.0,MARET,425719.0,4.69,1570303.0,RENTAN
JAWA TIMUR,2025,J Informasi dan Komunikasi,FEBRUARI,3425071.0,MARET,425719.0,8.05,2999352.0,AMAN
JAWA TIMUR,2025,K Jasa Keuangan dan Asuransi,FEBRUARI,3757021.0,MARET,425719.0,8.83,3331302.0,AMAN
JAWA TIMUR,2025,L Real Estate,FEBRUARI,2848509.0,MARET,425719.0,6.69,2422790.0,AMAN
JAWA TIMUR,2025,"M,N Jasa Perusahaan",FEBRUARI,3079768.0,MARET,425719.0,7.23,2654049.0,AMAN
JAWA TIMUR,2025,"O Administrasi Pemerintahan, Pertahanan dan Jaminan Sosial Wajib",FEBRUARI,3913206.0,MARET,425719.0,9.19,3487487.0,AMAN
JAWA TIMUR,2025,P Jasa Pendidikan,FEBRUARI,2041732.0,MARET,425719.0,4.8,1616013.0,RENTAN
JAWA TIMUR,2025,Q Jasa Kesehatan dan Kegiatan Sosial,FEBRUARI,2766986.0,MARET,425719.0,6.5,2341267.0,AMAN
JAWA TIMUR,2025,"R,S,T,U Jasa Lainnya",FEBRUARI,1784694.0,MARET,425719.0,4.19,1358975.0,RENTAN
JAWA TIMUR,2025,Total,FEBRUARI,2625050.0,MARET,425719.0,6.17,2199331.0,AMAN
BANTEN,2025,"A Pertanian, Kehutanan dan Perikanan",FEBRUARI,3278752.0,MARET,499525.0,6.56,2779227.0,AMAN
BANTEN,2025,B Pertambangan dan Penggalian,FEBRUARI,4359192.0,MARET,499525.0,8.73,3859667.0,AMAN
BANTEN,2025,D Pengadaan Listrik dan Gas,FEBRUARI,5643277.0,MARET,499525.0,11.3,5143752.0,AMAN
BANTEN,2025,"E Pengadaan Air, Pengelolaan Sampah, Limbah dan Daur Ulang",FEBRUARI,2655872.0,MARET,499525.0,5.32,2156347.0,AMAN
BANTEN,2025,F Konstruksi,FEBRUARI,6300243.0,MARET,499525.0,12.61,5800718.0,AMAN
BANTEN,2025,"G Perdagangan Besar dan Eceran, Reparasi Mobil dan Sepeda Motor",FEBRUARI,3444632.0,MARET,499525.0,6.9,2945107.0,AMAN
BANTEN,2025,H Transportasi dan Pergudangan,FEBRUARI,4281033.0,MARET,499525.0,8.57,3781508.0,AMAN
BANTEN,2025,I Penyediaan Akomodasi dan Makan Minum,FEBRUARI,3227681.0,MARET,499525.0,6.46,2728156.0,AMAN
BANTEN,2025,J Informasi dan Komunikasi,FEBRUARI,5306656.0,MARET,499525.0,10.62,4807131.0,AMAN
BANTEN,2025,K Jasa Keuangan dan Asuransi,FEBRUARI,5361270.0,MARET,499525.0,10.73,4861745.0,AMAN
BANTEN,2025,L Real Estate,FEBRUARI,2650985.0,MARET,499525.0,5.31,2151460.0,AMAN
BANTEN,2025,"M,N Jasa Perusahaan",FEBRUARI,4636507.0,MARET,499525.0,9.28,4136982.0,AMAN
BANTEN,2025,"O Administrasi Pemerintahan, Pertahanan dan Jaminan Sosial Wajib",FEBRUARI,4306948.0,MARET,499525.0,8.62,3807423.0,AMAN
BANTEN,2025,P Jasa Pendidikan,FEBRUARI,3661398.0,MARET,499525.0,7.33,3161873.0,AMAN
BANTEN,2025,Q Jasa Kesehatan dan Kegiatan Sosial,FEBRUARI,4182079.0,MARET,499525.0,8.37,3682554.0,AMAN
BANTEN,2025,"R,S,T,U Jasa Lainnya",FEBRUARI,2524974.0,MARET,499525.0,5.05,2025449.0,AMAN
BANTEN,2025,Total,FEBRUARI,4168622.0,MARET,499525.0,8.35,3669097.0,AMAN
BALI,2025,"A Pertanian, Kehutanan dan Perikanan",FEBRUARI,1474012.0,MARET,419319.0,3.52,1054693.0,RENTAN
BALI,2025,C Industri Pengolahan,FEBRUARI,2321211.0,MARET,419319.0,5.54,1901892.0,AMAN
BALI,2025,D Pengadaan Listrik dan Gas,FEBRUARI,3048017.0,MARET,419319.0,7.27,2628698.0,AMAN
BALI,2025,"E Pengadaan Air, Pengelolaan Sampah, Limbah dan Daur Ulang",FEBRUARI,2113955.0,MARET,419319.0,5.04,1694636.0,AMAN
BALI,2025,F Konstruksi,FEBRUARI,2983287.0,MARET,419319.0,7.11,2563968.0,AMAN
BALI,2025,"G Perdagangan Besar dan Eceran, Reparasi Mobil dan Sepeda Motor",FEBRUARI,2796316.0,MARET,419319.0,6.67,2376997.0,AMAN
BALI,2025,H Transportasi dan Pergudangan,FEBRUARI,11582643.0,MARET,419319.0,27.62,11163324.0,AMAN
BALI,2025,I Penyediaan Akomodasi dan Makan Minum,FEBRUARI,3585955.0,MARET,419319.0,8.55,3166636.0,AMAN
BALI,2025,J Informasi dan Komunikasi,FEBRUARI,4339494.0,MARET,419319.0,10.35,3920175.0,AMAN
BALI,2025,K Jasa Keuangan dan Asuransi,FEBRUARI,3739704.0,MARET,419319.0,8.92,3320385.0,AMAN
BALI,2025,"M,N Jasa Perusahaan",FEBRUARI,4198179.0,MARET,419319.0,10.01,3778860.0,AMAN
BALI,2025,"O Administrasi Pemerintahan, Pertahanan dan Jaminan Sosial Wajib",FEBRUARI,3869638.0,MARET,419319.0,9.23,3450319.0,AMAN
BALI,2025,P Jasa Pendidikan,FEBRUARI,3532872.0,MARET,419319.0,8.43,3113553.0,AMAN
BALI,2025,Q Jasa Kesehatan dan Kegiatan Sosial,FEBRUARI,3552852.0,MARET,419319.0,8.47,3133533.0,AMAN
BALI,2025,"R,S,T,U Jasa Lainnya",FEBRUARI,2748438.0,MARET,419319.0,6.55,2329119.0,AMAN
BALI,2025,Total,FEBRUARI,3617339.0,MARET,419319.0,8.63,3198020.0,AMAN
NUSA TENGGARA BARAT,2025,"A Pertanian, Kehutanan dan Perikanan",FEBRUARI,1374466.0,MARET,422427.0,3.25,952039.0,RENTAN
NUSA TENGGARA BARAT,2025,B Pertambangan dan Penggalian,FEBRUARI,3952863.0,MARET,422427.0,9.36,3530436.0,AMAN
NUSA TENGGARA BARAT,2025,C Industri Pengolahan,FEBRUARI,1343696.0,MARET,422427.0,3.18,921269.0,RENTAN
NUSA TENGGARA BARAT,2025,D Pengadaan Listrik dan Gas,FEBRUARI,10317694.0,MARET,422427.0,24.42,9895267.0,AMAN
NUSA TENGGARA BARAT,2025,"E Pengadaan Air, Pengelolaan Sampah, Limbah dan Daur Ulang",FEBRUARI,583772.0,MARET,422427.0,1.38,161345.0,KRITIS
NUSA TENGGARA BARAT,2025,F Konstruksi,FEBRUARI,2648174.0,MARET,422427.0,6.27,2225747.0,AMAN
NUSA TENGGARA BARAT,2025,"G Perdagangan Besar dan Eceran, Reparasi Mobil dan Sepeda Motor",FEBRUARI,1939904.0,MARET,422427.0,4.59,1517477.0,RENTAN
NUSA TENGGARA BARAT,2025,H Transportasi dan Pergudangan,FEBRUARI,2293253.0,MARET,422427.0,5.43,1870826.0,AMAN
NUSA TENGGARA BARAT,2025,I Penyediaan Akomodasi dan Makan Minum,FEBRUARI,1814765.0,MARET,422427.0,4.3,1392338.0,RENTAN
NUSA TENGGARA BARAT,2025,J Informasi dan Komunikasi,FEBRUARI,1521067.0,MARET,422427.0,3.6,1098640.0,RENTAN
NUSA TENGGARA BARAT,2025,K Jasa Keuangan dan Asuransi,FEBRUARI,2975048.0,MARET,422427.0,7.04,2552621.0,AMAN
NUSA TENGGARA BARAT,2025,"M,N Jasa Perusahaan",FEBRUARI,2667049.0,MARET,422427.0,6.31,2244622.0,AMAN
NUSA TENGGARA BARAT,2025,"O Administrasi Pemerintahan, Pertahanan dan Jaminan Sosial Wajib",FEBRUARI,3248754.0,MARET,422427.0,7.69,2826327.0,AMAN
NUSA TENGGARA BARAT,2025,P Jasa Pendidikan,FEBRUARI,2389409.0,MARET,422427.0,5.66,1966982.0,AMAN
NUSA TENGGARA BARAT,2025,Q Jasa Kesehatan dan Kegiatan Sosial,FEBRUARI,1475852.0,MARET,422427.0,3.49,1053425.0,RENTAN
NUSA TENGGARA BARAT,2025,"R,S,T,U Jasa Lainnya",FEBRUARI,1249851.0,MARET,422427.0,2.96,827424.0,KRITIS
NUSA TENGGARA BARAT,2025,Total,FEBRUARI,2377411.0,MARET,422427.0,5.63,1954984.0,AMAN
NUSA TENGGARA TIMUR,2025,"A Pertanian, Kehutanan dan Perikanan",FEBRUARI,1496487.0,MARET,416301.0,3.59,1080186.0,RENTAN
NUSA TENGGARA TIMUR,2025,C Industri Pengolahan,FEBRUARI,1162805.0,MARET,416301.0,2.79,746504.0,KRITIS
NUSA TENGGARA TIMUR,2025,D Pengadaan Listrik dan Gas,FEBRUARI,2567179.0,MARET,416301.0,6.17,2150878.0,AMAN
NUSA TENGGARA TIMUR,2025,F Konstruksi,FEBRUARI,3077494.0,MARET,416301.0,7.39,2661193.0,AMAN
NUSA TENGGARA TIMUR,2025,"G Perdagangan Besar dan Eceran, Reparasi Mobil dan Sepeda Motor",FEBRUARI,1657306.0,MARET,416301.0,3.98,1241005.0,RENTAN
NUSA TENGGARA TIMUR,2025,H Transportasi dan Pergudangan,FEBRUARI,1482654.0,MARET,416301.0,3.56,1066353.0,RENTAN
NUSA TENGGARA TIMUR,2025,I Penyediaan Akomodasi dan Makan Minum,FEBRUARI,1855384.0,MARET,416301.0,4.46,1439083.0,RENTAN
NUSA TENGGARA TIMUR,2025,J Informasi dan Komunikasi,FEBRUARI,2064717.0,MARET,416301.0,4.96,1648416.0,RENTAN
NUSA TENGGARA TIMUR,2025,K Jasa Keuangan dan Asuransi,FEBRUARI,4677950.0,MARET,416301.0,11.24,4261649.0,AMAN
NUSA TENGGARA TIMUR,2025,"M,N Jasa Perusahaan",FEBRUARI,2811710.0,MARET,416301.0,6.75,2395409.0,AMAN
NUSA TENGGARA TIMUR,2025,"O Administrasi Pemerintahan, Pertahanan dan Jaminan Sosial Wajib",FEBRUARI,3165767.0,MARET,416301.0,7.6,2749466.0,AMAN
NUSA TENGGARA TIMUR,2025,P Jasa Pendidikan,FEBRUARI,2507895.0,MARET,416301.0,6.02,2091594.0,AMAN
NUSA TENGGARA TIMUR,2025,Q Jasa Kesehatan dan Kegiatan Sosial,FEBRUARI,2186768.0,MARET,416301.0,5.25,1770467.0,AMAN
NUSA TENGGARA TIMUR,2025,"R,S,T,U Jasa Lainnya",FEBRUARI,1601183.0,MARET,416301.0,3.85,1184882.0,RENTAN
NUSA TENGGARA TIMUR,2025,Total,FEBRUARI,2341352.0,MARET,416301.0,5.62,1925051.0,AMAN
KALIMANTAN TENGAH,2025,"A Pertanian, Kehutanan dan Perikanan",FEBRUARI,3258777.0,MARET,503626.0,6.47,2755151.0,AMAN
KALIMANTAN TENGAH,2025,B Pertambangan dan Penggalian,FEBRUARI,3738074.0,MARET,503626.0,7.42,3234448.0,AMAN
KALIMANTAN TENGAH,2025,C Industri Pengolahan,FEBRUARI,3597888.0,MARET,503626.0,7.14,3094262.0,AMAN
KALIMANTAN TENGAH,2025,F Konstruksi,FEBRUARI,3405909.0,MARET,503626.0,6.76,2902283.0,AMAN
KALIMANTAN TENGAH,2025,"G Perdagangan Besar dan Eceran, Reparasi Mobil dan Sepeda Motor",FEBRUARI,2599553.0,MARET,503626.0,5.16,2095927.0,AMAN
KALIMANTAN TENGAH,2025,H Transportasi dan Pergudangan,FEBRUARI,3496528.0,MARET,503626.0,6.94,2992902.0,AMAN
KALIMANTAN TENGAH,2025,I Penyediaan Akomodasi dan Makan Minum,FEBRUARI,1843049.0,MARET,503626.0,3.66,1339423.0,RENTAN
KALIMANTAN TENGAH,2025,J Informasi dan Komunikasi,FEBRUARI,3126628.0,MARET,503626.0,6.21,2623002.0,AMAN
KALIMANTAN TENGAH,2025,K Jasa Keuangan dan Asuransi,FEBRUARI,3793122.0,MARET,503626.0,7.53,3289496.0,AMAN
KALIMANTAN TENGAH,2025,"M,N Jasa Perusahaan",FEBRUARI,4210631.0,MARET,503626.0,8.36,3707005.0,AMAN
KALIMANTAN TENGAH,2025,"O Administrasi Pemerintahan, Pertahanan dan Jaminan Sosial Wajib",FEBRUARI,3807420.0,MARET,503626.0,7.56,3303794.0,AMAN
KALIMANTAN TENGAH,2025,P Jasa Pendidikan,FEBRUARI,2674274.0,MARET,503626.0,5.31,2170648.0,AMAN
KALIMANTAN TENGAH,2025,Q Jasa Kesehatan dan Kegiatan Sosial,FEBRUARI,3344359.0,MARET,503626.0,6.64,2840733.0,AMAN
KALIMANTAN TENGAH,2025,"R,S,T,U Jasa Lainnya",FEBRUARI,1887723.0,MARET,503626.0,3.75,1384097.0,RENTAN
KALIMANTAN TENGAH,2025,Total,FEBRUARI,3265545.0,MARET,503626.0,6.48,2761919.0,AMAN
KALIMANTAN SELATAN,2025,"A Pertanian, Kehutanan dan Perikanan",FEBRUARI,3035775.0,MARET,467347.0,6.5,2568428.0,AMAN
KALIMANTAN SELATAN,2025,B Pertambangan dan Penggalian,FEBRUARI,5751119.0,MARET,467347.0,12.31,5283772.0,AMAN
KALIMANTAN SELATAN,2025,C Industri Pengolahan,FEBRUARI,2843292.0,MARET,467347.0,6.08,2375945.0,AMAN
KALIMANTAN SELATAN,2025,D Pengadaan Listrik dan Gas,FEBRUARI,3559309.0,MARET,467347.0,7.62,3091962.0,AMAN
KALIMANTAN SELATAN,2025,"E Pengadaan Air, Pengelolaan Sampah, Limbah dan Daur Ulang",FEBRUARI,3179460.0,MARET,467347.0,6.8,2712113.0,AMAN
KALIMANTAN SELATAN,2025,F Konstruksi,FEBRUARI,2830726.0,MARET,467347.0,6.06,2363379.0,AMAN
KALIMANTAN SELATAN,2025,"G Perdagangan Besar dan Eceran, Reparasi Mobil dan Sepeda Motor",FEBRUARI,2698785.0,MARET,467347.0,5.77,2231438.0,AMAN
KALIMANTAN SELATAN,2025,H Transportasi dan Pergudangan,FEBRUARI,3218662.0,MARET,467347.0,6.89,2751315.0,AMAN
KALIMANTAN SELATAN,2025,I Penyediaan Akomodasi dan Makan Minum,FEBRUARI,2137971.0,MARET,467347.0,4.57,1670624.0,RENTAN
KALIMANTAN SELATAN,2025,J Informasi dan Komunikasi,FEBRUARI,3574904.0,MARET,467347.0,7.65,3107557.0,AMAN
KALIMANTAN SELATAN,2025,K Jasa Keuangan dan Asuransi,FEBRUARI,4254088.0,MARET,467347.0,9.1,3786741.0,AMAN
KALIMANTAN SELATAN,2025,L Real Estate,FEBRUARI,4455510.0,MARET,467347.0,9.53,3988163.0,AMAN
KALIMANTAN SELATAN,2025,"M,N Jasa Perusahaan",FEBRUARI,3320489.0,MARET,467347.0,7.1,2853142.0,AMAN
KALIMANTAN SELATAN,2025,"O Administrasi Pemerintahan, Pertahanan dan Jaminan Sosial Wajib",FEBRUARI,3604765.0,MARET,467347.0,7.71,3137418.0,AMAN
KALIMANTAN SELATAN,2025,P Jasa Pendidikan,FEBRUARI,2554005.0,MARET,467347.0,5.46,2086658.0,AMAN
KALIMANTAN SELATAN,2025,Q Jasa Kesehatan dan Kegiatan Sosial,FEBRUARI,3752929.0,MARET,467347.0,8.03,3285582.0,AMAN
KALIMANTAN SELATAN,2025,"R,S,T,U Jasa Lainnya",FEBRUARI,1744976.0,MARET,467347.0,3.73,1277629.0,RENTAN
KALIMANTAN SELATAN,2025,Total,FEBRUARI,3269734.0,MARET,467347.0,7.0,2802387.0,AMAN
KALIMANTAN TIMUR,2025,"A Pertanian, Kehutanan dan Perikanan",FEBRUARI,3887382.0,MARET,611584.0,6.36,3275798.0,AMAN
KALIMANTAN TIMUR,2025,B Pertambangan dan Penggalian,FEBRUARI,6489701.0,MARET,611584.0,10.61,5878117.0,AMAN
KALIMANTAN TIMUR,2025,C Industri Pengolahan,FEBRUARI,5028169.0,MARET,611584.0,8.22,4416585.0,AMAN
KALIMANTAN TIMUR,2025,D Pengadaan Listrik dan Gas,FEBRUARI,6162315.0,MARET,611584.0,10.08,5550731.0,AMAN
KALIMANTAN TIMUR,2025,"E Pengadaan Air, Pengelolaan Sampah, Limbah dan Daur Ulang",FEBRUARI,4655096.0,MARET,611584.0,7.61,4043512.0,AMAN
KALIMANTAN TIMUR,2025,F Konstruksi,FEBRUARI,4466353.0,MARET,611584.0,7.3,3854769.0,AMAN
KALIMANTAN TIMUR,2025,"G Perdagangan Besar dan Eceran, Reparasi Mobil dan Sepeda Motor",FEBRUARI,3354539.0,MARET,611584.0,5.49,2742955.0,AMAN
KALIMANTAN TIMUR,2025,H Transportasi dan Pergudangan,FEBRUARI,3624716.0,MARET,611584.0,5.93,3013132.0,AMAN
KALIMANTAN TIMUR,2025,I Penyediaan Akomodasi dan Makan Minum,FEBRUARI,2504371.0,MARET,611584.0,4.09,1892787.0,RENTAN
KALIMANTAN TIMUR,2025,J Informasi dan Komunikasi,FEBRUARI,4533142.0,MARET,611584.0,7.41,3921558.0,AMAN
KALIMANTAN TIMUR,2025,K Jasa Keuangan dan Asuransi,FEBRUARI,5574507.0,MARET,611584.0,9.11,4962923.0,AMAN
KALIMANTAN TIMUR,2025,L Real Estate,FEBRUARI,7057790.0,MARET,611584.0,11.54,6446206.0,AMAN
KALIMANTAN TIMUR,2025,"M,N Jasa Perusahaan",FEBRUARI,4541537.0,MARET,611584.0,7.43,3929953.0,AMAN
KALIMANTAN TIMUR,2025,"O Administrasi Pemerintahan, Pertahanan dan Jaminan Sosial Wajib",FEBRUARI,4694130.0,MARET,611584.0,7.68,4082546.0,AMAN
KALIMANTAN TIMUR,2025,P Jasa Pendidikan,FEBRUARI,3305832.0,MARET,611584.0,5.41,2694248.0,AMAN
KALIMANTAN TIMUR,2025,Q Jasa Kesehatan dan Kegiatan Sosial,FEBRUARI,4037153.0,MARET,611584.0,6.6,3425569.0,AMAN
KALIMANTAN TIMUR,2025,"R,S,T,U Jasa Lainnya",FEBRUARI,2221086.0,MARET,611584.0,3.63,1609502.0,RENTAN
KALIMANTAN TIMUR,2025,Total,FEBRUARI,4439658.0,MARET,611584.0,7.26,3828074.0,AMAN
KALIMANTAN UTARA,2025,"A Pertanian, Kehutanan dan Perikanan",FEBRUARI,4553107.0,MARET,652807.0,6.97,3900300.0,AMAN
KALIMANTAN UTARA,2025,B Pertambangan dan Penggalian,FEBRUARI,5602212.0,MARET,652807.0,8.58,4949405.0,AMAN
KALIMANTAN UTARA,2025,C Industri Pengolahan,FEBRUARI,4188220.0,MARET,652807.0,6.42,3535413.0,AMAN
KALIMANTAN UTARA,2025,D Pengadaan Listrik dan Gas,FEBRUARI,4456038.0,MARET,652807.0,6.83,3803231.0,AMAN
KALIMANTAN UTARA,2025,F Konstruksi,FEBRUARI,4750109.0,MARET,652807.0,7.28,4097302.0,AMAN
KALIMANTAN UTARA,2025,"G Perdagangan Besar dan Eceran, Reparasi Mobil dan Sepeda Motor",FEBRUARI,4370238.0,MARET,652807.0,6.69,3717431.0,AMAN
KALIMANTAN UTARA,2025,H Transportasi dan Pergudangan,FEBRUARI,2813051.0,MARET,652807.0,4.31,2160244.0,RENTAN
KALIMANTAN UTARA,2025,I Penyediaan Akomodasi dan Makan Minum,FEBRUARI,1850174.0,MARET,652807.0,2.83,1197367.0,KRITIS
KALIMANTAN UTARA,2025,K Jasa Keuangan dan Asuransi,FEBRUARI,3609740.0,MARET,652807.0,5.53,2956933.0,AMAN
KALIMANTAN UTARA,2025,"M,N Jasa Perusahaan",FEBRUARI,3318583.0,MARET,652807.0,5.08,2665776.0,AMAN
KALIMANTAN UTARA,2025,"O Administrasi Pemerintahan, Pertahanan dan Jaminan Sosial Wajib",FEBRUARI,4932934.0,MARET,652807.0,7.56,4280127.0,AMAN
KALIMANTAN UTARA,2025,P Jasa Pendidikan,FEBRUARI,3991950.0,MARET,652807.0,6.12,3339143.0,AMAN
KALIMANTAN UTARA,2025,Q Jasa Kesehatan dan Kegiatan Sosial,FEBRUARI,4965989.0,MARET,652807.0,7.61,4313182.0,AMAN
KALIMANTAN UTARA,2025,"R,S,T,U Jasa Lainnya",FEBRUARI,1618646.0,MARET,652807.0,2.48,965839.0,KRITIS
KALIMANTAN UTARA,2025,Total,FEBRUARI,4355707.0,MARET,652807.0,6.67,3702900.0,AMAN
SULAWESI UTARA,2025,"A Pertanian, Kehutanan dan Perikanan",FEBRUARI,2305697.0,MARET,412809.0,5.59,1892888.0,AMAN
SULAWESI UTARA,2025,B Pertambangan dan Penggalian,FEBRUARI,3821263.0,MARET,412809.0,9.26,3408454.0,AMAN
SULAWESI UTARA,2025,C Industri Pengolahan,FEBRUARI,2970249.0,MARET,412809.0,7.2,2557440.0,AMAN
SULAWESI UTARA,2025,D Pengadaan Listrik dan Gas,FEBRUARI,4203005.0,MARET,412809.0,10.18,3790196.0,AMAN
SULAWESI UTARA,2025,"E Pengadaan Air, Pengelolaan Sampah, Limbah dan Daur Ulang",FEBRUARI,4304239.0,MARET,412809.0,10.43,3891430.0,AMAN
SULAWESI UTARA,2025,F Konstruksi,FEBRUARI,3009753.0,MARET,412809.0,7.29,2596944.0,AMAN
SULAWESI UTARA,2025,"G Perdagangan Besar dan Eceran, Reparasi Mobil dan Sepeda Motor",FEBRUARI,3451381.0,MARET,412809.0,8.36,3038572.0,AMAN
SULAWESI UTARA,2025,H Transportasi dan Pergudangan,FEBRUARI,3661433.0,MARET,412809.0,8.87,3248624.0,AMAN
SULAWESI UTARA,2025,I Penyediaan Akomodasi dan Makan Minum,FEBRUARI,2493369.0,MARET,412809.0,6.04,2080560.0,AMAN
SULAWESI UTARA,2025,J Informasi dan Komunikasi,FEBRUARI,3312202.0,MARET,412809.0,8.02,2899393.0,AMAN
SULAWESI UTARA,2025,K Jasa Keuangan dan Asuransi,FEBRUARI,3419239.0,MARET,412809.0,8.28,3006430.0,AMAN
SULAWESI UTARA,2025,"M,N Jasa Perusahaan",FEBRUARI,3780726.0,MARET,412809.0,9.16,3367917.0,AMAN
SULAWESI UTARA,2025,"O Administrasi Pemerintahan, Pertahanan dan Jaminan Sosial Wajib",FEBRUARI,3783958.0,MARET,412809.0,9.17,3371149.0,AMAN
SULAWESI UTARA,2025,P Jasa Pendidikan,FEBRUARI,3803655.0,MARET,412809.0,9.21,3390846.0,AMAN
SULAWESI UTARA,2025,Q Jasa Kesehatan dan Kegiatan Sosial,FEBRUARI,3576106.0,MARET,412809.0,8.66,3163297.0,AMAN
SULAWESI UTARA,2025,"R,S,T,U Jasa Lainnya",FEBRUARI,2216470.0,MARET,412809.0,5.37,1803661.0,AMAN
SULAWESI UTARA,2025,Total,FEBRUARI,3332950.0,MARET,412809.0,8.07,2920141.0,AMAN
SULAWESI TENGAH,2025,"A Pertanian, Kehutanan dan Perikanan",FEBRUARI,2143868.0,MARET,468788.0,4.57,1675080.0,RENTAN
SULAWESI TENGAH,2025,B Pertambangan dan Penggalian,FEBRUARI,3916004.0,MARET,468788.0,8.35,3447216.0,AMAN
SULAWESI TENGAH,2025,C Industri Pengolahan,FEBRUARI,4005552.0,MARET,468788.0,8.54,3536764.0,AMAN
SULAWESI TENGAH,2025,D Pengadaan Listrik dan Gas,FEBRUARI,2876350.0,MARET,468788.0,6.14,2407562.0,AMAN
SULAWESI TENGAH,2025,"E Pengadaan Air, Pengelolaan Sampah, Limbah dan Daur Ulang",FEBRUARI,2609059.0,MARET,468788.0,5.57,2140271.0,AMAN
SULAWESI TENGAH,2025,F Konstruksi,FEBRUARI,3832136.0,MARET,468788.0,8.17,3363348.0,AMAN
SULAWESI TENGAH,2025,"G Perdagangan Besar dan Eceran, Reparasi Mobil dan Sepeda Motor",FEBRUARI,1920580.0,MARET,468788.0,4.1,1451792.0,RENTAN
SULAWESI TENGAH,2025,H Transportasi dan Pergudangan,FEBRUARI,2768140.0,MARET,468788.0,5.9,2299352.0,AMAN
SULAWESI TENGAH,2025,I Penyediaan Akomodasi dan Makan Minum,FEBRUARI,1376906.0,MARET,468788.0,2.94,908118.0,KRITIS
SULAWESI TENGAH,2025,J Informasi dan Komunikasi,FEBRUARI,3229766.0,MARET,468788.0,6.89,2760978.0,AMAN
SULAWESI TENGAH,2025,K Jasa Keuangan dan Asuransi,FEBRUARI,3577652.0,MARET,468788.0,7.63,3108864.0,AMAN
SULAWESI TENGAH,2025,"M,N Jasa Perusahaan",FEBRUARI,2328633.0,MARET,468788.0,4.97,1859845.0,RENTAN
SULAWESI TENGAH,2025,"O Administrasi Pemerintahan, Pertahanan dan Jaminan Sosial Wajib",FEBRUARI,3202370.0,MARET,468788.0,6.83,2733582.0,AMAN
SULAWESI TENGAH,2025,P Jasa Pendidikan,FEBRUARI,4005407.0,MARET,468788.0,8.54,3536619.0,AMAN
SULAWESI TENGAH,2025,Q Jasa Kesehatan dan Kegiatan Sosial,FEBRUARI,2233493.0,MARET,468788.0,4.76,1764705.0,RENTAN
SULAWESI TENGAH,2025,"R,S,T,U Jasa Lainnya",FEBRUARI,1355167.0,MARET,468788.0,2.89,886379.0,KRITIS
SULAWESI TENGAH,2025,Total,FEBRUARI,3077492.0,MARET,468788.0,6.56,2608704.0,AMAN
SULAWESI SELATAN,2025,"A Pertanian, Kehutanan dan Perikanan",FEBRUARI,1919696.0,MARET,357943.0,5.36,1561753.0,AMAN
SULAWESI SELATAN,2025,B Pertambangan dan Penggalian,FEBRUARI,7165308.0,MARET,357943.0,20.02,6807365.0,AMAN
SULAWESI SELATAN,2025,C Industri Pengolahan,FEBRUARI,2269827.0,MARET,357943.0,6.34,1911884.0,AMAN
SULAWESI SELATAN,2025,D Pengadaan Listrik dan Gas,FEBRUARI,4473691.0,MARET,357943.0,12.5,4115748.0,AMAN
SULAWESI SELATAN,2025,"E Pengadaan Air, Pengelolaan Sampah, Limbah dan Daur Ulang",FEBRUARI,2850204.0,MARET,357943.0,7.96,2492261.0,AMAN
SULAWESI SELATAN,2025,F Konstruksi,FEBRUARI,2587341.0,MARET,357943.0,7.23,2229398.0,AMAN
SULAWESI SELATAN,2025,"G Perdagangan Besar dan Eceran, Reparasi Mobil dan Sepeda Motor",FEBRUARI,2481920.0,MARET,357943.0,6.93,2123977.0,AMAN
SULAWESI SELATAN,2025,H Transportasi dan Pergudangan,FEBRUARI,4474649.0,MARET,357943.0,12.5,4116706.0,AMAN
SULAWESI SELATAN,2025,I Penyediaan Akomodasi dan Makan Minum,FEBRUARI,1759235.0,MARET,357943.0,4.91,1401292.0,RENTAN
SULAWESI SELATAN,2025,J Informasi dan Komunikasi,FEBRUARI,2717737.0,MARET,357943.0,7.59,2359794.0,AMAN
SULAWESI SELATAN,2025,K Jasa Keuangan dan Asuransi,FEBRUARI,4503724.0,MARET,357943.0,12.58,4145781.0,AMAN
SULAWESI SELATAN,2025,L Real Estate,FEBRUARI,2381316.0,MARET,357943.0,6.65,2023373.0,AMAN
SULAWESI SELATAN,2025,"M,N Jasa Perusahaan",FEBRUARI,3788640.0,MARET,357943.0,10.58,3430697.0,AMAN
SULAWESI SELATAN,2025,"O Administrasi Pemerintahan, Pertahanan dan Jaminan Sosial Wajib",FEBRUARI,3590376.0,MARET,357943.0,10.03,3232433.0,AMAN
SULAWESI SELATAN,2025,P Jasa Pendidikan,FEBRUARI,3102583.0,MARET,357943.0,8.67,2744640.0,AMAN
SULAWESI SELATAN,2025,Q Jasa Kesehatan dan Kegiatan Sosial,FEBRUARI,2490672.0,MARET,357943.0,6.96,2132729.0,AMAN
SULAWESI SELATAN,2025,"R,S,T,U Jasa Lainnya",FEBRUARI,1734427.0,MARET,357943.0,4.85,1376484.0,RENTAN
SULAWESI SELATAN,2025,Total,FEBRUARI,2956256.0,MARET,357943.0,8.26,2598313.0,AMAN
SULAWESI TENGGARA,2025,"A Pertanian, Kehutanan dan Perikanan",FEBRUARI,2613808.0,MARET,364299.0,7.17,2249509.0,AMAN
SULAWESI TENGGARA,2025,B Pertambangan dan Penggalian,FEBRUARI,4348823.0,MARET,364299.0,11.94,3984524.0,AMAN
SULAWESI TENGGARA,2025,C Industri Pengolahan,FEBRUARI,2624556.0,MARET,364299.0,7.2,2260257.0,AMAN
SULAWESI TENGGARA,2025,D Pengadaan Listrik dan Gas,FEBRUARI,5264766.0,MARET,364299.0,14.45,4900467.0,AMAN
SULAWESI TENGGARA,2025,"E Pengadaan Air, Pengelolaan Sampah, Limbah dan Daur Ulang",FEBRUARI,1699251.0,MARET,364299.0,4.66,1334952.0,RENTAN
SULAWESI TENGGARA,2025,F Konstruksi,FEBRUARI,2839291.0,MARET,364299.0,7.79,2474992.0,AMAN
SULAWESI TENGGARA,2025,"G Perdagangan Besar dan Eceran, Reparasi Mobil dan Sepeda Motor",FEBRUARI,2455587.0,MARET,364299.0,6.74,2091288.0,AMAN
SULAWESI TENGGARA,2025,H Transportasi dan Pergudangan,FEBRUARI,3278745.0,MARET,364299.0,9.0,2914446.0,AMAN
SULAWESI TENGGARA,2025,I Penyediaan Akomodasi dan Makan Minum,FEBRUARI,2290513.0,MARET,364299.0,6.29,1926214.0,AMAN
SULAWESI TENGGARA,2025,J Informasi dan Komunikasi,FEBRUARI,4198579.0,MARET,364299.0,11.53,3834280.0,AMAN
SULAWESI TENGGARA,2025,K Jasa Keuangan dan Asuransi,FEBRUARI,3644573.0,MARET,364299.0,10.0,3280274.0,AMAN
SULAWESI TENGGARA,2025,"M,N Jasa Perusahaan",FEBRUARI,2775098.0,MARET,364299.0,7.62,2410799.0,AMAN
SULAWESI TENGGARA,2025,"O Administrasi Pemerintahan, Pertahanan dan Jaminan Sosial Wajib",FEBRUARI,3085879.0,MARET,364299.0,8.47,2721580.0,AMAN
SULAWESI TENGGARA,2025,P Jasa Pendidikan,FEBRUARI,3198090.0,MARET,364299.0,8.78,2833791.0,AMAN
SULAWESI TENGGARA,2025,Q Jasa Kesehatan dan Kegiatan Sosial,FEBRUARI,2257471.0,MARET,364299.0,6.2,1893172.0,AMAN
SULAWESI TENGGARA,2025,"R,S,T,U Jasa Lainnya",FEBRUARI,1232422.0,MARET,364299.0,3.38,868123.0,RENTAN
SULAWESI TENGGARA,2025,Total,FEBRUARI,2928215.0,MARET,364299.0,8.04,2563916.0,AMAN
GORONTALO,2025,"A Pertanian, Kehutanan dan Perikanan",FEBRUARI,1815333.0,MARET,384890.0,4.72,1430443.0,RENTAN
GORONTALO,2025,B Pertambangan dan Penggalian,FEBRUARI,5029766.0,MARET,384890.0,13.07,4644876.0,AMAN
GORONTALO,2025,C Industri Pengolahan,FEBRUARI,2128599.0,MARET,384890.0,5.53,1743709.0,AMAN
GORONTALO,2025,D Pengadaan Listrik dan Gas,FEBRUARI,4062676.0,MARET,384890.0,10.56,3677786.0,AMAN
GORONTALO,2025,"E Pengadaan Air, Pengelolaan Sampah, Limbah dan Daur Ulang",FEBRUARI,2057715.0,MARET,384890.0,5.35,1672825.0,AMAN
GORONTALO,2025,F Konstruksi,FEBRUARI,2417467.0,MARET,384890.0,6.28,2032577.0,AMAN
GORONTALO,2025,"G Perdagangan Besar dan Eceran, Reparasi Mobil dan Sepeda Motor",FEBRUARI,2520013.0,MARET,384890.0,6.55,2135123.0,AMAN
GORONTALO,2025,H Transportasi dan Pergudangan,FEBRUARI,2917403.0,MARET,384890.0,7.58,2532513.0,AMAN
GORONTALO,2025,I Penyediaan Akomodasi dan Makan Minum,FEBRUARI,1394467.0,MARET,384890.0,3.62,1009577.0,RENTAN
GORONTALO,2025,J Informasi dan Komunikasi,FEBRUARI,1082952.0,MARET,384890.0,2.81,698062.0,KRITIS
GORONTALO,2025,K Jasa Keuangan dan Asuransi,FEBRUARI,3247578.0,MARET,384890.0,8.44,2862688.0,AMAN
GORONTALO,2025,"M,N Jasa Perusahaan",FEBRUARI,2139145.0,MARET,384890.0,5.56,1754255.0,AMAN
GORONTALO,2025,"O Administrasi Pemerintahan, Pertahanan dan Jaminan Sosial Wajib",FEBRUARI,2987481.0,MARET,384890.0,7.76,2602591.0,AMAN
GORONTALO,2025,P Jasa Pendidikan,FEBRUARI,3209570.0,MARET,384890.0,8.34,2824680.0,AMAN
GORONTALO,2025,Q Jasa Kesehatan dan Kegiatan Sosial,FEBRUARI,1692012.0,MARET,384890.0,4.4,1307122.0,RENTAN
GORONTALO,2025,"R,S,T,U Jasa Lainnya",FEBRUARI,853246.0,MARET,384890.0,2.22,468356.0,KRITIS
GORONTALO,2025,Total,FEBRUARI,2506904.0,MARET,384890.0,6.51,2122014.0,AMAN
SULAWESI BARAT,2025,"A Pertanian, Kehutanan dan Perikanan",FEBRUARI,1357972.0,MARET,371048.0,3.66,986924.0,RENTAN
SULAWESI BARAT,2025,C Industri Pengolahan,FEBRUARI,2049724.0,MARET,371048.0,5.52,1678676.0,AMAN
SULAWESI BARAT,2025,D Pengadaan Listrik dan Gas,FEBRUARI,2511194.0,MARET,371048.0,6.77,2140146.0,AMAN
SULAWESI BARAT,2025,"E Pengadaan Air, Pengelolaan Sampah, Limbah dan Daur Ulang",FEBRUARI,1357844.0,MARET,371048.0,3.66,986796.0,RENTAN
SULAWESI BARAT,2025,F Konstruksi,FEBRUARI,2434752.0,MARET,371048.0,6.56,2063704.0,AMAN
SULAWESI BARAT,2025,"G Perdagangan Besar dan Eceran, Reparasi Mobil dan Sepeda Motor",FEBRUARI,1619945.0,MARET,371048.0,4.37,1248897.0,RENTAN
SULAWESI BARAT,2025,H Transportasi dan Pergudangan,FEBRUARI,4165139.0,MARET,371048.0,11.23,3794091.0,AMAN
SULAWESI BARAT,2025,I Penyediaan Akomodasi dan Makan Minum,FEBRUARI,1158737.0,MARET,371048.0,3.12,787689.0,RENTAN
SULAWESI BARAT,2025,J Informasi dan Komunikasi,FEBRUARI,3863549.0,MARET,371048.0,10.41,3492501.0,AMAN
SULAWESI BARAT,2025,K Jasa Keuangan dan Asuransi,FEBRUARI,2888602.0,MARET,371048.0,7.78,2517554.0,AMAN
SULAWESI BARAT,2025,"M,N Jasa Perusahaan",FEBRUARI,2660126.0,MARET,371048.0,7.17,2289078.0,AMAN
SULAWESI BARAT,2025,"O Administrasi Pemerintahan, Pertahanan dan Jaminan Sosial Wajib",FEBRUARI,3450372.0,MARET,371048.0,9.3,3079324.0,AMAN
SULAWESI BARAT,2025,P Jasa Pendidikan,FEBRUARI,2661188.0,MARET,371048.0,7.17,2290140.0,AMAN
SULAWESI BARAT,2025,Q Jasa Kesehatan dan Kegiatan Sosial,FEBRUARI,2577650.0,MARET,371048.0,6.95,2206602.0,AMAN
SULAWESI BARAT,2025,"R,S,T,U Jasa Lainnya",FEBRUARI,1974074.0,MARET,371048.0,5.32,1603026.0,AMAN
SULAWESI BARAT,2025,Total,FEBRUARI,2608578.0,MARET,371048.0,7.03,2237530.0,AMAN
MALUKU,2025,"A Pertanian, Kehutanan dan Perikanan",FEBRUARI,2209253.0,MARET,554327.0,3.99,1654926.0,RENTAN
MALUKU,2025,B Pertambangan dan Penggalian,FEBRUARI,5328104.0,MARET,554327.0,9.61,4773777.0,AMAN
MALUKU,2025,C Industri Pengolahan,FEBRUARI,2052163.0,MARET,554327.0,3.7,1497836.0,RENTAN
MALUKU,2025,D Pengadaan Listrik dan Gas,FEBRUARI,6934298.0,MARET,554327.0,12.51,6379971.0,AMAN
MALUKU,2025,"E Pengadaan Air, Pengelolaan Sampah, Limbah dan Daur Ulang",FEBRUARI,2033980.0,MARET,554327.0,3.67,1479653.0,RENTAN
MALUKU,2025,F Konstruksi,FEBRUARI,2790697.0,MARET,554327.0,5.03,2236370.0,AMAN
MALUKU,2025,"G Perdagangan Besar dan Eceran, Reparasi Mobil dan Sepeda Motor",FEBRUARI,2236087.0,MARET,554327.0,4.03,1681760.0,RENTAN
MALUKU,2025,H Transportasi dan Pergudangan,FEBRUARI,2227946.0,MARET,554327.0,4.02,1673619.0,RENTAN
MALUKU,2025,I Penyediaan Akomodasi dan Makan Minum,FEBRUARI,3288849.0,MARET,554327.0,5.93,2734522.0,AMAN
MALUKU,2025,J Informasi dan Komunikasi,FEBRUARI,3216165.0,MARET,554327.0,5.8,2661838.0,AMAN
MALUKU,2025,K Jasa Keuangan dan Asuransi,FEBRUARI,3147015.0,MARET,554327.0,5.68,2592688.0,AMAN
MALUKU,2025,"M,N Jasa Perusahaan",FEBRUARI,5931466.0,MARET,554327.0,10.7,5377139.0,AMAN
MALUKU,2025,"O Administrasi Pemerintahan, Pertahanan dan Jaminan Sosial Wajib",FEBRUARI,3324240.0,MARET,554327.0,6.0,2769913.0,AMAN
MALUKU,2025,P Jasa Pendidikan,FEBRUARI,2505962.0,MARET,554327.0,4.52,1951635.0,RENTAN
MALUKU,2025,Q Jasa Kesehatan dan Kegiatan Sosial,FEBRUARI,2611553.0,MARET,554327.0,4.71,2057226.0,RENTAN
MALUKU,2025,"R,S,T,U Jasa Lainnya",FEBRUARI,1618032.0,MARET,554327.0,2.92,1063705.0,KRITIS
MALUKU,2025,Total,FEBRUARI,2866807.0,MARET,554327.0,5.17,2312480.0,AMAN
MALUKU UTARA,2025,"A Pertanian, Kehutanan dan Perikanan",FEBRUARI,2077638.0,MARET,508021.0,4.09,1569617.0,RENTAN
MALUKU UTARA,2025,B Pertambangan dan Penggalian,FEBRUARI,6214463.0,MARET,508021.0,12.23,5706442.0,AMAN
MALUKU UTARA,2025,C Industri Pengolahan,FEBRUARI,4432086.0,MARET,508021.0,8.72,3924065.0,AMAN
MALUKU UTARA,2025,D Pengadaan Listrik dan Gas,FEBRUARI,4022953.0,MARET,508021.0,7.92,3514932.0,AMAN
MALUKU UTARA,2025,F Konstruksi,FEBRUARI,3842881.0,MARET,508021.0,7.56,3334860.0,AMAN
MALUKU UTARA,2025,"G Perdagangan Besar dan Eceran, Reparasi Mobil dan Sepeda Motor",FEBRUARI,2159604.0,MARET,508021.0,4.25,1651583.0,RENTAN
MALUKU UTARA,2025,H Transportasi dan Pergudangan,FEBRUARI,2701349.0,MARET,508021.0,5.32,2193328.0,AMAN
MALUKU UTARA,2025,I Penyediaan Akomodasi dan Makan Minum,FEBRUARI,2564451.0,MARET,508021.0,5.05,2056430.0,AMAN
MALUKU UTARA,2025,K Jasa Keuangan dan Asuransi,FEBRUARI,3414847.0,MARET,508021.0,6.72,2906826.0,AMAN
MALUKU UTARA,2025,"M,N Jasa Perusahaan",FEBRUARI,1818123.0,MARET,508021.0,3.58,1310102.0,RENTAN
MALUKU UTARA,2025,"O Administrasi Pemerintahan, Pertahanan dan Jaminan Sosial Wajib",FEBRUARI,3821400.0,MARET,508021.0,7.52,3313379.0,AMAN
MALUKU UTARA,2025,P Jasa Pendidikan,FEBRUARI,3381686.0,MARET,508021.0,6.66,2873665.0,AMAN
MALUKU UTARA,2025,Q Jasa Kesehatan dan Kegiatan Sosial,FEBRUARI,2827651.0,MARET,508021.0,5.57,2319630.0,AMAN
MALUKU UTARA,2025,"R,S,T,U Jasa Lainnya",FEBRUARI,1561323.0,MARET,508021.0,3.07,1053302.0,RENTAN
MALUKU UTARA,2025,Total,FEBRUARI,3666126.0,MARET,508021.0,7.22,3158105.0,AMAN
PAPUA BARAT,2025,"A Pertanian, Kehutanan dan Perikanan",FEBRUARI,2241272.0,MARET,619054.0,3.62,1622218.0,RENTAN
PAPUA BARAT,2025,C Industri Pengolahan,FEBRUARI,3416080.0,MARET,619054.0,5.52,2797026.0,AMAN
PAPUA BARAT,2025,D Pengadaan Listrik dan Gas,FEBRUARI,3397710.0,MARET,619054.0,5.49,2778656.0,AMAN
PAPUA BARAT,2025,"E Pengadaan Air, Pengelolaan Sampah, Limbah dan Daur Ulang",FEBRUARI,1801697.0,MARET,619054.0,2.91,1182643.0,KRITIS
PAPUA BARAT,2025,F Konstruksi,FEBRUARI,4324175.0,MARET,619054.0,6.99,3705121.0,AMAN
PAPUA BARAT,2025,"G Perdagangan Besar dan Eceran, Reparasi Mobil dan Sepeda Motor",FEBRUARI,2433288.0,MARET,619054.0,3.93,1814234.0,RENTAN
PAPUA BARAT,2025,H Transportasi dan Pergudangan,FEBRUARI,2649044.0,MARET,619054.0,4.28,2029990.0,RENTAN
PAPUA BARAT,2025,I Penyediaan Akomodasi dan Makan Minum,FEBRUARI,3427161.0,MARET,619054.0,5.54,2808107.0,AMAN
PAPUA BARAT,2025,J Informasi dan Komunikasi,FEBRUARI,3077236.0,MARET,619054.0,4.97,2458182.0,RENTAN
PAPUA BARAT,2025,K Jasa Keuangan dan Asuransi,FEBRUARI,3499859.0,MARET,619054.0,5.65,2880805.0,AMAN
PAPUA BARAT,2025,"M,N Jasa Perusahaan",FEBRUARI,2961877.0,MARET,619054.0,4.78,2342823.0,RENTAN
PAPUA BARAT,2025,"O Administrasi Pemerintahan, Pertahanan dan Jaminan Sosial Wajib",FEBRUARI,3852547.0,MARET,619054.0,6.22,3233493.0,AMAN
PAPUA BARAT,2025,P Jasa Pendidikan,FEBRUARI,3625417.0,MARET,619054.0,5.86,3006363.0,AMAN
PAPUA BARAT,2025,Q Jasa Kesehatan dan Kegiatan Sosial,FEBRUARI,3246092.0,MARET,619054.0,5.24,2627038.0,AMAN
PAPUA BARAT,2025,"R,S,T,U Jasa Lainnya",FEBRUARI,2246053.0,MARET,619054.0,3.63,1626999.0,RENTAN
PAPUA BARAT,2025,Total,FEBRUARI,3459119.0,MARET,619054.0,5.59,2840065.0,AMAN
PAPUA BARAT DAYA,2025,"A Pertanian, Kehutanan dan Perikanan",FEBRUARI,2633855.0,MARET,595233.0,4.42,2038622.0,RENTAN
PAPUA BARAT DAYA,2025,B Pertambangan dan Penggalian,FEBRUARI,9301825.0,MARET,595233.0,15.63,8706592.0,AMAN
PAPUA BARAT DAYA,2025,C Industri Pengolahan,FEBRUARI,3280833.0,MARET,595233.0,5.51,2685600.0,AMAN
PAPUA BARAT DAYA,2025,D Pengadaan Listrik dan Gas,FEBRUARI,5456013.0,MARET,595233.0,9.17,4860780.0,AMAN
PAPUA BARAT DAYA,2025,F Konstruksi,FEBRUARI,3198870.0,MARET,595233.0,5.37,2603637.0,AMAN
PAPUA BARAT DAYA,2025,"G Perdagangan Besar dan Eceran, Reparasi Mobil dan Sepeda Motor",FEBRUARI,3209207.0,MARET,595233.0,5.39,2613974.0,AMAN
PAPUA BARAT DAYA,2025,H Transportasi dan Pergudangan,FEBRUARI,3377192.0,MARET,595233.0,5.67,2781959.0,AMAN
PAPUA BARAT DAYA,2025,I Penyediaan Akomodasi dan Makan Minum,FEBRUARI,2181146.0,MARET,595233.0,3.66,1585913.0,RENTAN
PAPUA BARAT DAYA,2025,J Informasi dan Komunikasi,FEBRUARI,3046246.0,MARET,595233.0,5.12,2451013.0,AMAN
PAPUA BARAT DAYA,2025,K Jasa Keuangan dan Asuransi,FEBRUARI,4300000.0,MARET,595233.0,7.22,3704767.0,AMAN
PAPUA BARAT DAYA,2025,"M,N Jasa Perusahaan",FEBRUARI,3178438.0,MARET,595233.0,5.34,2583205.0,AMAN
PAPUA BARAT DAYA,2025,"O Administrasi Pemerintahan, Pertahanan dan Jaminan Sosial Wajib",FEBRUARI,3481806.0,MARET,595233.0,5.85,2886573.0,AMAN
PAPUA BARAT DAYA,2025,P Jasa Pendidikan,FEBRUARI,3456068.0,MARET,595233.0,5.81,2860835.0,AMAN
PAPUA BARAT DAYA,2025,Q Jasa Kesehatan dan Kegiatan Sosial,FEBRUARI,3377832.0,MARET,595233.0,5.67,2782599.0,AMAN
PAPUA BARAT DAYA,2025,"R,S,T,U Jasa Lainnya",FEBRUARI,2849442.0,MARET,595233.0,4.79,2254209.0,RENTAN
PAPUA BARAT DAYA,2025,Total,FEBRUARI,3644386.0,MARET,595233.0,6.12,3049153.0,AMAN
PAPUA,2025,"A Pertanian, Kehutanan dan Perikanan",FEBRUARI,3194849.0,MARET,488906.0,6.53,2705943.0,AMAN
PAPUA,2025,B Pertambangan dan Penggalian,FEBRUARI,4619776.0,MARET,488906.0,9.45,4130870.0,AMAN
PAPUA,2025,C Industri Pengolahan,FEBRUARI,2886703.0,MARET,488906.0,5.9,2397797.0,AMAN
PAPUA,2025,D Pengadaan Listrik dan Gas,FEBRUARI,4815704.0,MARET,488906.0,9.85,4326798.0,AMAN
PAPUA,2025,F Konstruksi,FEBRUARI,3154949.0,MARET,488906.0,6.45,2666043.0,AMAN
PAPUA,2025,"G Perdagangan Besar dan Eceran, Reparasi Mobil dan Sepeda Motor",FEBRUARI,3762507.0,MARET,488906.0,7.7,3273601.0,AMAN
PAPUA,2025,H Transportasi dan Pergudangan,FEBRUARI,2378473.0,MARET,488906.0,4.86,1889567.0,RENTAN
PAPUA,2025,I Penyediaan Akomodasi dan Makan Minum,FEBRUARI,5132174.0,MARET,488906.0,10.5,4643268.0,AMAN
PAPUA,2025,J Informasi dan Komunikasi,FEBRUARI,4805320.0,MARET,488906.0,9.83,4316414.0,AMAN
PAPUA,2025,K Jasa Keuangan dan Asuransi,FEBRUARI,5479091.0,MARET,488906.0,11.21,4990185.0,AMAN
PAPUA,2025,"M,N Jasa Perusahaan",FEBRUARI,4195521.0,MARET,488906.0,8.58,3706615.0,AMAN
PAPUA,2025,"O Administrasi Pemerintahan, Pertahanan dan Jaminan Sosial Wajib",FEBRUARI,4448848.0,MARET,488906.0,9.1,3959942.0,AMAN
PAPUA,2025,P Jasa Pendidikan,FEBRUARI,4036817.0,MARET,488906.0,8.26,3547911.0,AMAN
PAPUA,2025,Q Jasa Kesehatan dan Kegiatan Sosial,FEBRUARI,3388391.0,MARET,488906.0,6.93,2899485.0,AMAN
PAPUA,2025,"R,S,T,U Jasa Lainnya",FEBRUARI,2681829.0,MARET,488906.0,5.49,2192923.0,AMAN
PAPUA,2025,Total,FEBRUARI,3984589.0,MARET,488906.0,8.15,3495683.0,AMAN
PAPUA SELATAN,2025,"A Pertanian, Kehutanan dan Perikanan",FEBRUARI,4332132.0,MARET,432733.0,10.01,3899399.0,AMAN
PAPUA SELATAN,2025,C Industri Pengolahan,FEBRUARI,3112020.0,MARET,432733.0,7.19,2679287.0,AMAN
PAPUA SELATAN,2025,D Pengadaan Listrik dan Gas,FEBRUARI,4483736.0,MARET,432733.0,10.36,4051003.0,AMAN
PAPUA SELATAN,2025,F Konstruksi,FEBRUARI,3360988.0,MARET,432733.0,7.77,2928255.0,AMAN
PAPUA SELATAN,2025,"G Perdagangan Besar dan Eceran, Reparasi Mobil dan Sepeda Motor",FEBRUARI,2815305.0,MARET,432733.0,6.51,2382572.0,AMAN
PAPUA SELATAN,2025,H Transportasi dan Pergudangan,FEBRUARI,3782595.0,MARET,432733.0,8.74,3349862.0,AMAN
PAPUA SELATAN,2025,I Penyediaan Akomodasi dan Makan Minum,FEBRUARI,2581495.0,MARET,432733.0,5.97,2148762.0,AMAN
PAPUA SELATAN,2025,K Jasa Keuangan dan Asuransi,FEBRUARI,2802419.0,MARET,432733.0,6.48,2369686.0,AMAN
PAPUA SELATAN,2025,"O Administrasi Pemerintahan, Pertahanan dan Jaminan Sosial Wajib",FEBRUARI,4361952.0,MARET,432733.0,10.08,3929219.0,AMAN
PAPUA SELATAN,2025,P Jasa Pendidikan,FEBRUARI,3579906.0,MARET,432733.0,8.27,3147173.0,AMAN
PAPUA SELATAN,2025,Q Jasa Kesehatan dan Kegiatan Sosial,FEBRUARI,3584153.0,MARET,432733.0,8.28,3151420.0,AMAN
PAPUA SELATAN,2025,"R,S,T,U Jasa Lainnya",FEBRUARI,2790292.0,MARET,432733.0,6.45,2357559.0,AMAN
PAPUA SELATAN,2025,Total,FEBRUARI,3865415.0,MARET,432733.0,8.93,3432682.0,AMAN
PAPUA TENGAH,2025,"A Pertanian, Kehutanan dan Perikanan",FEBRUARI,3796940.0,MARET,625920.0,6.07,3171020.0,AMAN
PAPUA TENGAH,2025,B Pertambangan dan Penggalian,FEBRUARI,13111551.0,MARET,625920.0,20.95,12485631.0,AMAN
PAPUA TENGAH,2025,C Industri Pengolahan,FEBRUARI,2147445.0,MARET,625920.0,3.43,1521525.0,RENTAN
PAPUA TENGAH,2025,F Konstruksi,FEBRUARI,4788829.0,MARET,625920.0,7.65,4162909.0,AMAN
PAPUA TENGAH,2025,"G Perdagangan Besar dan Eceran, Reparasi Mobil dan Sepeda Motor",FEBRUARI,2154597.0,MARET,625920.0,3.44,1528677.0,RENTAN
PAPUA TENGAH,2025,H Transportasi dan Pergudangan,FEBRUARI,3400000.0,MARET,625920.0,5.43,2774080.0,AMAN
PAPUA TENGAH,2025,I Penyediaan Akomodasi dan Makan Minum,FEBRUARI,2841306.0,MARET,625920.0,4.54,2215386.0,RENTAN
PAPUA TENGAH,2025,K Jasa Keuangan dan Asuransi,FEBRUARI,1800000.0,MARET,625920.0,2.88,1174080.0,KRITIS
PAPUA TENGAH,2025,"M,N Jasa Perusahaan",FEBRUARI,3554508.0,MARET,625920.0,5.68,2928588.0,AMAN
PAPUA TENGAH,2025,"O Administrasi Pemerintahan, Pertahanan dan Jaminan Sosial Wajib",FEBRUARI,3916570.0,MARET,625920.0,6.26,3290650.0,AMAN
PAPUA TENGAH,2025,P Jasa Pendidikan,FEBRUARI,2792177.0,MARET,625920.0,4.46,2166257.0,RENTAN
PAPUA TENGAH,2025,Q Jasa Kesehatan dan Kegiatan Sosial,FEBRUARI,4143997.0,MARET,625920.0,6.62,3518077.0,AMAN
PAPUA TENGAH,2025,"R,S,T,U Jasa Lainnya",FEBRUARI,2546686.0,MARET,625920.0,4.07,1920766.0,RENTAN
PAPUA TENGAH,2025,Total,FEBRUARI,4747826.0,MARET,625920.0,7.59,4121906.0,AMAN
PAPUA PEGUNUNGAN,2025,"A Pertanian, Kehutanan dan Perikanan",FEBRUARI,1004088.0,MARET,862027.0,1.16,142061.0,KRITIS
PAPUA PEGUNUNGAN,2025,F Konstruksi,FEBRUARI,3107547.0,MARET,862027.0,3.6,2245520.0,RENTAN
PAPUA PEGUNUNGAN,2025,"G Perdagangan Besar dan Eceran, Reparasi Mobil dan Sepeda Motor",FEBRUARI,3010288.0,MARET,862027.0,3.49,2148261.0,RENTAN
PAPUA PEGUNUNGAN,2025,H Transportasi dan Pergudangan,FEBRUARI,3282332.0,MARET,862027.0,3.81,2420305.0,RENTAN
PAPUA PEGUNUNGAN,2025,I Penyediaan Akomodasi dan Makan Minum,FEBRUARI,2945026.0,MARET,862027.0,3.42,2082999.0,RENTAN
PAPUA PEGUNUNGAN,2025,J Informasi dan Komunikasi,FEBRUARI,4740374.0,MARET,862027.0,5.5,3878347.0,AMAN
PAPUA PEGUNUNGAN,2025,K Jasa Keuangan dan Asuransi,FEBRUARI,3057102.0,MARET,862027.0,3.55,2195075.0,RENTAN
PAPUA PEGUNUNGAN,2025,"O Administrasi Pemerintahan, Pertahanan dan Jaminan Sosial Wajib",FEBRUARI,4281424.0,MARET,862027.0,4.97,3419397.0,RENTAN
PAPUA PEGUNUNGAN,2025,P Jasa Pendidikan,FEBRUARI,4240400.0,MARET,862027.0,4.92,3378373.0,RENTAN
PAPUA PEGUNUNGAN,2025,Q Jasa Kesehatan dan Kegiatan Sosial,FEBRUARI,4525119.0,MARET,862027.0,5.25,3663092.0,AMAN
PAPUA PEGUNUNGAN,2025,"R,S,T,U Jasa Lainnya",FEBRUARI,2986070.0,MARET,862027.0,3.46,2124043.0,RENTAN
PAPUA PEGUNUNGAN,2025,Total,FEBRUARI,4133474.0,MARET,862027.0,4.8,3271447.0,RENTAN
ACEH,2025,"A Pertanian, Kehutanan dan Perikanan",AGUSTUS,2485852.0,SEPTEMBER,547511.0,4.54,1938341.0,RENTAN
ACEH,2025,B Pertambangan dan Penggalian,AGUSTUS,4283385.0,SEPTEMBER,547511.0,7.82,3735874.0,AMAN
ACEH,2025,C Industri Pengolahan,AGUSTUS,2081748.0,SEPTEMBER,547511.0,3.8,1534237.0,RENTAN
ACEH,2025,D Pengadaan Listrik dan Gas,AGUSTUS,4339764.0,SEPTEMBER,547511.0,7.93,3792253.0,AMAN
ACEH,2025,"E Pengadaan Air, Pengelolaan Sampah, Limbah dan Daur Ulang",AGUSTUS,2950814.0,SEPTEMBER,547511.0,5.39,2403303.0,AMAN
ACEH,2025,F Konstruksi,AGUSTUS,2819702.0,SEPTEMBER,547511.0,5.15,2272191.0,AMAN
ACEH,2025,"G Perdagangan Besar dan Eceran, Reparasi Mobil dan Sepeda Motor",AGUSTUS,2082730.0,SEPTEMBER,547511.0,3.8,1535219.0,RENTAN
ACEH,2025,H Transportasi dan Pergudangan,AGUSTUS,2552742.0,SEPTEMBER,547511.0,4.66,2005231.0,RENTAN
ACEH,2025,I Penyediaan Akomodasi dan Makan Minum,AGUSTUS,1712823.0,SEPTEMBER,547511.0,3.13,1165312.0,RENTAN
ACEH,2025,J Informasi dan Komunikasi,AGUSTUS,2482265.0,SEPTEMBER,547511.0,4.53,1934754.0,RENTAN
ACEH,2025,K Jasa Keuangan dan Asuransi,AGUSTUS,4202790.0,SEPTEMBER,547511.0,7.68,3655279.0,AMAN
ACEH,2025,"M,N Jasa Perusahaan",AGUSTUS,3110531.0,SEPTEMBER,547511.0,5.68,2563020.0,AMAN
ACEH,2025,"O Administrasi Pemerintahan, Pertahanan dan Jaminan Sosial Wajib",AGUSTUS,3844157.0,SEPTEMBER,547511.0,7.02,3296646.0,AMAN
ACEH,2025,P Jasa Pendidikan,AGUSTUS,2908891.0,SEPTEMBER,547511.0,5.31,2361380.0,AMAN
ACEH,2025,Q Jasa Kesehatan dan Kegiatan Sosial,AGUSTUS,2606276.0,SEPTEMBER,547511.0,4.76,2058765.0,RENTAN
ACEH,2025,"R,S,T,U Jasa Lainnya",AGUSTUS,1515839.0,SEPTEMBER,547511.0,2.77,968328.0,KRITIS
ACEH,2025,Total,AGUSTUS,2837520.0,SEPTEMBER,547511.0,5.18,2290009.0,AMAN
SUMATERA UTARA,2025,"A Pertanian, Kehutanan dan Perikanan",AGUSTUS,2461841.0,SEPTEMBER,551093.0,4.47,1910748.0,RENTAN
SUMATERA UTARA,2025,B Pertambangan dan Penggalian,AGUSTUS,3049467.0,SEPTEMBER,551093.0,5.53,2498374.0,AMAN
SUMATERA UTARA,2025,C Industri Pengolahan,AGUSTUS,2950580.0,SEPTEMBER,551093.0,5.35,2399487.0,AMAN
SUMATERA UTARA,2025,D Pengadaan Listrik dan Gas,AGUSTUS,6388320.0,SEPTEMBER,551093.0,11.59,5837227.0,AMAN
SUMATERA UTARA,2025,"E Pengadaan Air, Pengelolaan Sampah, Limbah dan Daur Ulang",AGUSTUS,2314525.0,SEPTEMBER,551093.0,4.2,1763432.0,RENTAN
SUMATERA UTARA,2025,F Konstruksi,AGUSTUS,3108661.0,SEPTEMBER,551093.0,5.64,2557568.0,AMAN
SUMATERA UTARA,2025,"G Perdagangan Besar dan Eceran, Reparasi Mobil dan Sepeda Motor",AGUSTUS,2487167.0,SEPTEMBER,551093.0,4.51,1936074.0,RENTAN
SUMATERA UTARA,2025,H Transportasi dan Pergudangan,AGUSTUS,3550371.0,SEPTEMBER,551093.0,6.44,2999278.0,AMAN
SUMATERA UTARA,2025,I Penyediaan Akomodasi dan Makan Minum,AGUSTUS,2044775.0,SEPTEMBER,551093.0,3.71,1493682.0,RENTAN
SUMATERA UTARA,2025,J Informasi dan Komunikasi,AGUSTUS,2921266.0,SEPTEMBER,551093.0,5.3,2370173.0,AMAN
SUMATERA UTARA,2025,K Jasa Keuangan dan Asuransi,AGUSTUS,3401220.0,SEPTEMBER,551093.0,6.17,2850127.0,AMAN
SUMATERA UTARA,2025,L Real Estate,AGUSTUS,3034030.0,SEPTEMBER,551093.0,5.51,2482937.0,AMAN
SUMATERA UTARA,2025,"M,N Jasa Perusahaan",AGUSTUS,3224561.0,SEPTEMBER,551093.0,5.85,2673468.0,AMAN
SUMATERA UTARA,2025,"O Administrasi Pemerintahan, Pertahanan dan Jaminan Sosial Wajib",AGUSTUS,3574122.0,SEPTEMBER,551093.0,6.49,3023029.0,AMAN
SUMATERA UTARA,2025,P Jasa Pendidikan,AGUSTUS,2711609.0,SEPTEMBER,551093.0,4.92,2160516.0,RENTAN
SUMATERA UTARA,2025,Q Jasa Kesehatan dan Kegiatan Sosial,AGUSTUS,3319672.0,SEPTEMBER,551093.0,6.02,2768579.0,AMAN
SUMATERA UTARA,2025,"R,S,T,U Jasa Lainnya",AGUSTUS,1550704.0,SEPTEMBER,551093.0,2.81,999611.0,KRITIS
SUMATERA UTARA,2025,Total,AGUSTUS,2815066.0,SEPTEMBER,551093.0,5.11,2263973.0,AMAN
SUMATERA BARAT,2025,"A Pertanian, Kehutanan dan Perikanan",AGUSTUS,2233507.0,SEPTEMBER,592911.0,3.77,1640596.0,RENTAN
SUMATERA BARAT,2025,B Pertambangan dan Penggalian,AGUSTUS,3497048.0,SEPTEMBER,592911.0,5.9,2904137.0,AMAN
SUMATERA BARAT,2025,C Industri Pengolahan,AGUSTUS,2215561.0,SEPTEMBER,592911.0,3.74,1622650.0,RENTAN
SUMATERA BARAT,2025,D Pengadaan Listrik dan Gas,AGUSTUS,4075375.0,SEPTEMBER,592911.0,6.87,3482464.0,AMAN
SUMATERA BARAT,2025,"E Pengadaan Air, Pengelolaan Sampah, Limbah dan Daur Ulang",AGUSTUS,3217644.0,SEPTEMBER,592911.0,5.43,2624733.0,AMAN
SUMATERA BARAT,2025,F Konstruksi,AGUSTUS,2640831.0,SEPTEMBER,592911.0,4.45,2047920.0,RENTAN
SUMATERA BARAT,2025,"G Perdagangan Besar dan Eceran, Reparasi Mobil dan Sepeda Motor",AGUSTUS,2287647.0,SEPTEMBER,592911.0,3.86,1694736.0,RENTAN
SUMATERA BARAT,2025,H Transportasi dan Pergudangan,AGUSTUS,3258616.0,SEPTEMBER,592911.0,5.5,2665705.0,AMAN
SUMATERA BARAT,2025,I Penyediaan Akomodasi dan Makan Minum,AGUSTUS,2116034.0,SEPTEMBER,592911.0,3.57,1523123.0,RENTAN
SUMATERA BARAT,2025,J Informasi dan Komunikasi,AGUSTUS,2190553.0,SEPTEMBER,592911.0,3.69,1597642.0,RENTAN
SUMATERA BARAT,2025,K Jasa Keuangan dan Asuransi,AGUSTUS,4398979.0,SEPTEMBER,592911.0,7.42,3806068.0,AMAN
SUMATERA BARAT,2025,L Real Estate,AGUSTUS,3827618.0,SEPTEMBER,592911.0,6.46,3234707.0,AMAN
SUMATERA BARAT,2025,"M,N Jasa Perusahaan",AGUSTUS,2482046.0,SEPTEMBER,592911.0,4.19,1889135.0,RENTAN
SUMATERA BARAT,2025,"O Administrasi Pemerintahan, Pertahanan dan Jaminan Sosial Wajib",AGUSTUS,4017507.0,SEPTEMBER,592911.0,6.78,3424596.0,AMAN
SUMATERA BARAT,2025,P Jasa Pendidikan,AGUSTUS,3244211.0,SEPTEMBER,592911.0,5.47,2651300.0,AMAN
SUMATERA BARAT,2025,Q Jasa Kesehatan dan Kegiatan Sosial,AGUSTUS,3160689.0,SEPTEMBER,592911.0,5.33,2567778.0,AMAN
SUMATERA BARAT,2025,"R,S,T,U Jasa Lainnya",AGUSTUS,1727400.0,SEPTEMBER,592911.0,2.91,1134489.0,KRITIS
SUMATERA BARAT,2025,Total,AGUSTUS,2911450.0,SEPTEMBER,592911.0,4.91,2318539.0,RENTAN
RIAU,2025,"A Pertanian, Kehutanan dan Perikanan",AGUSTUS,2913134.0,SEPTEMBER,549211.0,5.3,2363923.0,AMAN
RIAU,2025,B Pertambangan dan Penggalian,AGUSTUS,5053725.0,SEPTEMBER,549211.0,9.2,4504514.0,AMAN
RIAU,2025,C Industri Pengolahan,AGUSTUS,3678722.0,SEPTEMBER,549211.0,6.7,3129511.0,AMAN
RIAU,2025,D Pengadaan Listrik dan Gas,AGUSTUS,4436623.0,SEPTEMBER,549211.0,8.08,3887412.0,AMAN
RIAU,2025,"E Pengadaan Air, Pengelolaan Sampah, Limbah dan Daur Ulang",AGUSTUS,2968891.0,SEPTEMBER,549211.0,5.41,2419680.0,AMAN
RIAU,2025,F Konstruksi,AGUSTUS,3377050.0,SEPTEMBER,549211.0,6.15,2827839.0,AMAN
RIAU,2025,"G Perdagangan Besar dan Eceran, Reparasi Mobil dan Sepeda Motor",AGUSTUS,2588447.0,SEPTEMBER,549211.0,4.71,2039236.0,RENTAN
RIAU,2025,H Transportasi dan Pergudangan,AGUSTUS,3333202.0,SEPTEMBER,549211.0,6.07,2783991.0,AMAN
RIAU,2025,I Penyediaan Akomodasi dan Makan Minum,AGUSTUS,2055447.0,SEPTEMBER,549211.0,3.74,1506236.0,RENTAN
RIAU,2025,J Informasi dan Komunikasi,AGUSTUS,3016618.0,SEPTEMBER,549211.0,5.49,2467407.0,AMAN
RIAU,2025,K Jasa Keuangan dan Asuransi,AGUSTUS,4001807.0,SEPTEMBER,549211.0,7.29,3452596.0,AMAN
RIAU,2025,L Real Estate,AGUSTUS,5877115.0,SEPTEMBER,549211.0,10.7,5327904.0,AMAN
RIAU,2025,"M,N Jasa Perusahaan",AGUSTUS,3237918.0,SEPTEMBER,549211.0,5.9,2688707.0,AMAN
RIAU,2025,"O Administrasi Pemerintahan, Pertahanan dan Jaminan Sosial Wajib",AGUSTUS,3695284.0,SEPTEMBER,549211.0,6.73,3146073.0,AMAN
RIAU,2025,P Jasa Pendidikan,AGUSTUS,3125295.0,SEPTEMBER,549211.0,5.69,2576084.0,AMAN
RIAU,2025,Q Jasa Kesehatan dan Kegiatan Sosial,AGUSTUS,3436376.0,SEPTEMBER,549211.0,6.26,2887165.0,AMAN
RIAU,2025,"R,S,T,U Jasa Lainnya",AGUSTUS,1754062.0,SEPTEMBER,549211.0,3.19,1204851.0,RENTAN
RIAU,2025,Total,AGUSTUS,3144261.0,SEPTEMBER,549211.0,5.73,2595050.0,AMAN
JAMBI,2025,"A Pertanian, Kehutanan dan Perikanan",AGUSTUS,2374063.0,SEPTEMBER,542466.0,4.38,1831597.0,RENTAN
JAMBI,2025,B Pertambangan dan Penggalian,AGUSTUS,4835163.0,SEPTEMBER,542466.0,8.91,4292697.0,AMAN
JAMBI,2025,C Industri Pengolahan,AGUSTUS,3056052.0,SEPTEMBER,542466.0,5.63,2513586.0,AMAN
JAMBI,2025,D Pengadaan Listrik dan Gas,AGUSTUS,4155688.0,SEPTEMBER,542466.0,7.66,3613222.0,AMAN
JAMBI,2025,"E Pengadaan Air, Pengelolaan Sampah, Limbah dan Daur Ulang",AGUSTUS,3454516.0,SEPTEMBER,542466.0,6.37,2912050.0,AMAN
JAMBI,2025,F Konstruksi,AGUSTUS,2738337.0,SEPTEMBER,542466.0,5.05,2195871.0,AMAN
JAMBI,2025,"G Perdagangan Besar dan Eceran, Reparasi Mobil dan Sepeda Motor",AGUSTUS,2609235.0,SEPTEMBER,542466.0,4.81,2066769.0,RENTAN
JAMBI,2025,H Transportasi dan Pergudangan,AGUSTUS,3035742.0,SEPTEMBER,542466.0,5.6,2493276.0,AMAN
JAMBI,2025,I Penyediaan Akomodasi dan Makan Minum,AGUSTUS,1781155.0,SEPTEMBER,542466.0,3.28,1238689.0,RENTAN
JAMBI,2025,J Informasi dan Komunikasi,AGUSTUS,3611862.0,SEPTEMBER,542466.0,6.66,3069396.0,AMAN
JAMBI,2025,K Jasa Keuangan dan Asuransi,AGUSTUS,3715284.0,SEPTEMBER,542466.0,6.85,3172818.0,AMAN
JAMBI,2025,L Real Estate,AGUSTUS,4941026.0,SEPTEMBER,542466.0,9.11,4398560.0,AMAN
JAMBI,2025,"M,N Jasa Perusahaan",AGUSTUS,3369494.0,SEPTEMBER,542466.0,6.21,2827028.0,AMAN
JAMBI,2025,"O Administrasi Pemerintahan, Pertahanan dan Jaminan Sosial Wajib",AGUSTUS,3489398.0,SEPTEMBER,542466.0,6.43,2946932.0,AMAN
JAMBI,2025,P Jasa Pendidikan,AGUSTUS,3078673.0,SEPTEMBER,542466.0,5.68,2536207.0,AMAN
JAMBI,2025,Q Jasa Kesehatan dan Kegiatan Sosial,AGUSTUS,3124730.0,SEPTEMBER,542466.0,5.76,2582264.0,AMAN
JAMBI,2025,"R,S,T,U Jasa Lainnya",AGUSTUS,1460557.0,SEPTEMBER,542466.0,2.69,918091.0,KRITIS
JAMBI,2025,Total,AGUSTUS,2975646.0,SEPTEMBER,542466.0,5.49,2433180.0,AMAN
SUMATERA SELATAN,2025,"A Pertanian, Kehutanan dan Perikanan",AGUSTUS,2340552.0,SEPTEMBER,458362.0,5.11,1882190.0,AMAN
SUMATERA SELATAN,2025,B Pertambangan dan Penggalian,AGUSTUS,6788283.0,SEPTEMBER,458362.0,14.81,6329921.0,AMAN
SUMATERA SELATAN,2025,C Industri Pengolahan,AGUSTUS,2947638.0,SEPTEMBER,458362.0,6.43,2489276.0,AMAN
SUMATERA SELATAN,2025,D Pengadaan Listrik dan Gas,AGUSTUS,4802398.0,SEPTEMBER,458362.0,10.48,4344036.0,AMAN
SUMATERA SELATAN,2025,"E Pengadaan Air, Pengelolaan Sampah, Limbah dan Daur Ulang",AGUSTUS,3889603.0,SEPTEMBER,458362.0,8.49,3431241.0,AMAN
SUMATERA SELATAN,2025,F Konstruksi,AGUSTUS,2742058.0,SEPTEMBER,458362.0,5.98,2283696.0,AMAN
SUMATERA SELATAN,2025,"G Perdagangan Besar dan Eceran, Reparasi Mobil dan Sepeda Motor",AGUSTUS,2549753.0,SEPTEMBER,458362.0,5.56,2091391.0,AMAN
SUMATERA SELATAN,2025,H Transportasi dan Pergudangan,AGUSTUS,3412918.0,SEPTEMBER,458362.0,7.45,2954556.0,AMAN
SUMATERA SELATAN,2025,I Penyediaan Akomodasi dan Makan Minum,AGUSTUS,2347259.0,SEPTEMBER,458362.0,5.12,1888897.0,AMAN
SUMATERA SELATAN,2025,J Informasi dan Komunikasi,AGUSTUS,4910593.0,SEPTEMBER,458362.0,10.71,4452231.0,AMAN
SUMATERA SELATAN,2025,K Jasa Keuangan dan Asuransi,AGUSTUS,4251000.0,SEPTEMBER,458362.0,9.27,3792638.0,AMAN
SUMATERA SELATAN,2025,L Real Estate,AGUSTUS,3154628.0,SEPTEMBER,458362.0,6.88,2696266.0,AMAN
SUMATERA SELATAN,2025,"M,N Jasa Perusahaan",AGUSTUS,2999888.0,SEPTEMBER,458362.0,6.54,2541526.0,AMAN
SUMATERA SELATAN,2025,"O Administrasi Pemerintahan, Pertahanan dan Jaminan Sosial Wajib",AGUSTUS,3763221.0,SEPTEMBER,458362.0,8.21,3304859.0,AMAN
SUMATERA SELATAN,2025,P Jasa Pendidikan,AGUSTUS,2951370.0,SEPTEMBER,458362.0,6.44,2493008.0,AMAN
SUMATERA SELATAN,2025,Q Jasa Kesehatan dan Kegiatan Sosial,AGUSTUS,3400424.0,SEPTEMBER,458362.0,7.42,2942062.0,AMAN
SUMATERA SELATAN,2025,"R,S,T,U Jasa Lainnya",AGUSTUS,1512827.0,SEPTEMBER,458362.0,3.3,1054465.0,RENTAN
SUMATERA SELATAN,2025,Total,AGUSTUS,3015055.0,SEPTEMBER,458362.0,6.58,2556693.0,AMAN
BENGKULU,2025,"A Pertanian, Kehutanan dan Perikanan",AGUSTUS,2285360.0,SEPTEMBER,524945.0,4.35,1760415.0,RENTAN
BENGKULU,2025,B Pertambangan dan Penggalian,AGUSTUS,4128387.0,SEPTEMBER,524945.0,7.86,3603442.0,AMAN
BENGKULU,2025,C Industri Pengolahan,AGUSTUS,2197537.0,SEPTEMBER,524945.0,4.19,1672592.0,RENTAN
BENGKULU,2025,D Pengadaan Listrik dan Gas,AGUSTUS,3512393.0,SEPTEMBER,524945.0,6.69,2987448.0,AMAN
BENGKULU,2025,"E Pengadaan Air, Pengelolaan Sampah, Limbah dan Daur Ulang",AGUSTUS,2000908.0,SEPTEMBER,524945.0,3.81,1475963.0,RENTAN
BENGKULU,2025,F Konstruksi,AGUSTUS,2552530.0,SEPTEMBER,524945.0,4.86,2027585.0,RENTAN
BENGKULU,2025,"G Perdagangan Besar dan Eceran, Reparasi Mobil dan Sepeda Motor",AGUSTUS,2409178.0,SEPTEMBER,524945.0,4.59,1884233.0,RENTAN
BENGKULU,2025,H Transportasi dan Pergudangan,AGUSTUS,3061786.0,SEPTEMBER,524945.0,5.83,2536841.0,AMAN
BENGKULU,2025,I Penyediaan Akomodasi dan Makan Minum,AGUSTUS,1768884.0,SEPTEMBER,524945.0,3.37,1243939.0,RENTAN
BENGKULU,2025,J Informasi dan Komunikasi,AGUSTUS,2571186.0,SEPTEMBER,524945.0,4.9,2046241.0,RENTAN
BENGKULU,2025,K Jasa Keuangan dan Asuransi,AGUSTUS,4227697.0,SEPTEMBER,524945.0,8.05,3702752.0,AMAN
BENGKULU,2025,L Real Estate,AGUSTUS,2204762.0,SEPTEMBER,524945.0,4.2,1679817.0,RENTAN
BENGKULU,2025,"M,N Jasa Perusahaan",AGUSTUS,2887227.0,SEPTEMBER,524945.0,5.5,2362282.0,AMAN
BENGKULU,2025,"O Administrasi Pemerintahan, Pertahanan dan Jaminan Sosial Wajib",AGUSTUS,3925552.0,SEPTEMBER,524945.0,7.48,3400607.0,AMAN
BENGKULU,2025,P Jasa Pendidikan,AGUSTUS,3172068.0,SEPTEMBER,524945.0,6.04,2647123.0,AMAN
BENGKULU,2025,Q Jasa Kesehatan dan Kegiatan Sosial,AGUSTUS,2922665.0,SEPTEMBER,524945.0,5.57,2397720.0,AMAN
BENGKULU,2025,"R,S,T,U Jasa Lainnya",AGUSTUS,1388374.0,SEPTEMBER,524945.0,2.64,863429.0,KRITIS
BENGKULU,2025,Total,AGUSTUS,2935681.0,SEPTEMBER,524945.0,5.59,2410736.0,AMAN
LAMPUNG,2025,"A Pertanian, Kehutanan dan Perikanan",AGUSTUS,2120609.0,SEPTEMBER,476550.0,4.45,1644059.0,RENTAN
LAMPUNG,2025,B Pertambangan dan Penggalian,AGUSTUS,2678529.0,SEPTEMBER,476550.0,5.62,2201979.0,AMAN
LAMPUNG,2025,C Industri Pengolahan,AGUSTUS,2499331.0,SEPTEMBER,476550.0,5.24,2022781.0,AMAN
LAMPUNG,2025,D Pengadaan Listrik dan Gas,AGUSTUS,5094666.0,SEPTEMBER,476550.0,10.69,4618116.0,AMAN
LAMPUNG,2025,"E Pengadaan Air, Pengelolaan Sampah, Limbah dan Daur Ulang",AGUSTUS,1246190.0,SEPTEMBER,476550.0,2.62,769640.0,KRITIS
LAMPUNG,2025,F Konstruksi,AGUSTUS,2565775.0,SEPTEMBER,476550.0,5.38,2089225.0,AMAN
LAMPUNG,2025,"G Perdagangan Besar dan Eceran, Reparasi Mobil dan Sepeda Motor",AGUSTUS,2067373.0,SEPTEMBER,476550.0,4.34,1590823.0,RENTAN
LAMPUNG,2025,H Transportasi dan Pergudangan,AGUSTUS,2945142.0,SEPTEMBER,476550.0,6.18,2468592.0,AMAN
LAMPUNG,2025,I Penyediaan Akomodasi dan Makan Minum,AGUSTUS,1897151.0,SEPTEMBER,476550.0,3.98,1420601.0,RENTAN
LAMPUNG,2025,J Informasi dan Komunikasi,AGUSTUS,2458511.0,SEPTEMBER,476550.0,5.16,1981961.0,AMAN
LAMPUNG,2025,K Jasa Keuangan dan Asuransi,AGUSTUS,4054197.0,SEPTEMBER,476550.0,8.51,3577647.0,AMAN
LAMPUNG,2025,L Real Estate,AGUSTUS,2635600.0,SEPTEMBER,476550.0,5.53,2159050.0,AMAN
LAMPUNG,2025,"M,N Jasa Perusahaan",AGUSTUS,2332184.0,SEPTEMBER,476550.0,4.89,1855634.0,RENTAN
LAMPUNG,2025,"O Administrasi Pemerintahan, Pertahanan dan Jaminan Sosial Wajib",AGUSTUS,4027295.0,SEPTEMBER,476550.0,8.45,3550745.0,AMAN
LAMPUNG,2025,P Jasa Pendidikan,AGUSTUS,2522803.0,SEPTEMBER,476550.0,5.29,2046253.0,AMAN
LAMPUNG,2025,Q Jasa Kesehatan dan Kegiatan Sosial,AGUSTUS,2615104.0,SEPTEMBER,476550.0,5.49,2138554.0,AMAN
LAMPUNG,2025,"R,S,T,U Jasa Lainnya",AGUSTUS,1606989.0,SEPTEMBER,476550.0,3.37,1130439.0,RENTAN
LAMPUNG,2025,Total,AGUSTUS,2520619.0,SEPTEMBER,476550.0,5.29,2044069.0,AMAN
KEP. BANGKA BELITUNG,2025,"A Pertanian, Kehutanan dan Perikanan",AGUSTUS,2930892.0,SEPTEMBER,728155.0,4.03,2202737.0,RENTAN
KEP. BANGKA BELITUNG,2025,B Pertambangan dan Penggalian,AGUSTUS,3042497.0,SEPTEMBER,728155.0,4.18,2314342.0,RENTAN
KEP. BANGKA BELITUNG,2025,C Industri Pengolahan,AGUSTUS,3180123.0,SEPTEMBER,728155.0,4.37,2451968.0,RENTAN
KEP. BANGKA BELITUNG,2025,D Pengadaan Listrik dan Gas,AGUSTUS,5099572.0,SEPTEMBER,728155.0,7.0,4371417.0,AMAN
KEP. BANGKA BELITUNG,2025,"E Pengadaan Air, Pengelolaan Sampah, Limbah dan Daur Ulang",AGUSTUS,4299928.0,SEPTEMBER,728155.0,5.91,3571773.0,AMAN
KEP. BANGKA BELITUNG,2025,F Konstruksi,AGUSTUS,3165238.0,SEPTEMBER,728155.0,4.35,2437083.0,RENTAN
KEP. BANGKA BELITUNG,2025,"G Perdagangan Besar dan Eceran, Reparasi Mobil dan Sepeda Motor",AGUSTUS,2702944.0,SEPTEMBER,728155.0,3.71,1974789.0,RENTAN
KEP. BANGKA BELITUNG,2025,H Transportasi dan Pergudangan,AGUSTUS,3435014.0,SEPTEMBER,728155.0,4.72,2706859.0,RENTAN
KEP. BANGKA BELITUNG,2025,I Penyediaan Akomodasi dan Makan Minum,AGUSTUS,2204082.0,SEPTEMBER,728155.0,3.03,1475927.0,RENTAN
KEP. BANGKA BELITUNG,2025,J Informasi dan Komunikasi,AGUSTUS,2388889.0,SEPTEMBER,728155.0,3.28,1660734.0,RENTAN
KEP. BANGKA BELITUNG,2025,K Jasa Keuangan dan Asuransi,AGUSTUS,4260228.0,SEPTEMBER,728155.0,5.85,3532073.0,AMAN
KEP. BANGKA BELITUNG,2025,"M,N Jasa Perusahaan",AGUSTUS,4325847.0,SEPTEMBER,728155.0,5.94,3597692.0,AMAN
KEP. BANGKA BELITUNG,2025,"O Administrasi Pemerintahan, Pertahanan dan Jaminan Sosial Wajib",AGUSTUS,4299944.0,SEPTEMBER,728155.0,5.91,3571789.0,AMAN
KEP. BANGKA BELITUNG,2025,P Jasa Pendidikan,AGUSTUS,3439069.0,SEPTEMBER,728155.0,4.72,2710914.0,RENTAN
KEP. BANGKA BELITUNG,2025,Q Jasa Kesehatan dan Kegiatan Sosial,AGUSTUS,3254135.0,SEPTEMBER,728155.0,4.47,2525980.0,RENTAN
KEP. BANGKA BELITUNG,2025,"R,S,T,U Jasa Lainnya",AGUSTUS,1599358.0,SEPTEMBER,728155.0,2.2,871203.0,KRITIS
KEP. BANGKA BELITUNG,2025,Total,AGUSTUS,3202690.0,SEPTEMBER,728155.0,4.4,2474535.0,RENTAN
KEP. RIAU,2025,"A Pertanian, Kehutanan dan Perikanan",AGUSTUS,2827558.0,SEPTEMBER,602348.0,4.69,2225210.0,RENTAN
KEP. RIAU,2025,B Pertambangan dan Penggalian,AGUSTUS,5631004.0,SEPTEMBER,602348.0,9.35,5028656.0,AMAN
KEP. RIAU,2025,C Industri Pengolahan,AGUSTUS,5621443.0,SEPTEMBER,602348.0,9.33,5019095.0,AMAN
KEP. RIAU,2025,D Pengadaan Listrik dan Gas,AGUSTUS,5516969.0,SEPTEMBER,602348.0,9.16,4914621.0,AMAN
KEP. RIAU,2025,"E Pengadaan Air, Pengelolaan Sampah, Limbah dan Daur Ulang",AGUSTUS,4519622.0,SEPTEMBER,602348.0,7.5,3917274.0,AMAN
KEP. RIAU,2025,F Konstruksi,AGUSTUS,3955038.0,SEPTEMBER,602348.0,6.57,3352690.0,AMAN
KEP. RIAU,2025,"G Perdagangan Besar dan Eceran, Reparasi Mobil dan Sepeda Motor",AGUSTUS,3784737.0,SEPTEMBER,602348.0,6.28,3182389.0,AMAN
KEP. RIAU,2025,H Transportasi dan Pergudangan,AGUSTUS,6708643.0,SEPTEMBER,602348.0,11.14,6106295.0,AMAN
KEP. RIAU,2025,I Penyediaan Akomodasi dan Makan Minum,AGUSTUS,3365723.0,SEPTEMBER,602348.0,5.59,2763375.0,AMAN
KEP. RIAU,2025,J Informasi dan Komunikasi,AGUSTUS,4364916.0,SEPTEMBER,602348.0,7.25,3762568.0,AMAN
KEP. RIAU,2025,K Jasa Keuangan dan Asuransi,AGUSTUS,6914295.0,SEPTEMBER,602348.0,11.48,6311947.0,AMAN
KEP. RIAU,2025,L Real Estate,AGUSTUS,4596304.0,SEPTEMBER,602348.0,7.63,3993956.0,AMAN
KEP. RIAU,2025,"M,N Jasa Perusahaan",AGUSTUS,4297690.0,SEPTEMBER,602348.0,7.13,3695342.0,AMAN
KEP. RIAU,2025,"O Administrasi Pemerintahan, Pertahanan dan Jaminan Sosial Wajib",AGUSTUS,5633633.0,SEPTEMBER,602348.0,9.35,5031285.0,AMAN
KEP. RIAU,2025,P Jasa Pendidikan,AGUSTUS,3503486.0,SEPTEMBER,602348.0,5.82,2901138.0,AMAN
KEP. RIAU,2025,Q Jasa Kesehatan dan Kegiatan Sosial,AGUSTUS,5858398.0,SEPTEMBER,602348.0,9.73,5256050.0,AMAN
KEP. RIAU,2025,"R,S,T,U Jasa Lainnya",AGUSTUS,3098675.0,SEPTEMBER,602348.0,5.14,2496327.0,AMAN
KEP. RIAU,2025,Total,AGUSTUS,4768990.0,SEPTEMBER,602348.0,7.92,4166642.0,AMAN
DKI JAKARTA,2025,"A Pertanian, Kehutanan dan Perikanan",AGUSTUS,3176242.0,SEPTEMBER,622175.0,5.11,2554067.0,AMAN
DKI JAKARTA,2025,B Pertambangan dan Penggalian,AGUSTUS,12607721.0,SEPTEMBER,622175.0,20.26,11985546.0,AMAN
DKI JAKARTA,2025,C Industri Pengolahan,AGUSTUS,5451117.0,SEPTEMBER,622175.0,8.76,4828942.0,AMAN
DKI JAKARTA,2025,D Pengadaan Listrik dan Gas,AGUSTUS,6611995.0,SEPTEMBER,622175.0,10.63,5989820.0,AMAN
DKI JAKARTA,2025,"E Pengadaan Air, Pengelolaan Sampah, Limbah dan Daur Ulang",AGUSTUS,4478054.0,SEPTEMBER,622175.0,7.2,3855879.0,AMAN
DKI JAKARTA,2025,F Konstruksi,AGUSTUS,5899078.0,SEPTEMBER,622175.0,9.48,5276903.0,AMAN
DKI JAKARTA,2025,"G Perdagangan Besar dan Eceran, Reparasi Mobil dan Sepeda Motor",AGUSTUS,5377298.0,SEPTEMBER,622175.0,8.64,4755123.0,AMAN
DKI JAKARTA,2025,H Transportasi dan Pergudangan,AGUSTUS,6071536.0,SEPTEMBER,622175.0,9.76,5449361.0,AMAN
DKI JAKARTA,2025,I Penyediaan Akomodasi dan Makan Minum,AGUSTUS,4495401.0,SEPTEMBER,622175.0,7.23,3873226.0,AMAN
DKI JAKARTA,2025,J Informasi dan Komunikasi,AGUSTUS,7941786.0,SEPTEMBER,622175.0,12.76,7319611.0,AMAN
DKI JAKARTA,2025,K Jasa Keuangan dan Asuransi,AGUSTUS,10039680.0,SEPTEMBER,622175.0,16.14,9417505.0,AMAN
DKI JAKARTA,2025,L Real Estate,AGUSTUS,5184560.0,SEPTEMBER,622175.0,8.33,4562385.0,AMAN
DKI JAKARTA,2025,"M,N Jasa Perusahaan",AGUSTUS,7721738.0,SEPTEMBER,622175.0,12.41,7099563.0,AMAN
DKI JAKARTA,2025,"O Administrasi Pemerintahan, Pertahanan dan Jaminan Sosial Wajib",AGUSTUS,7552802.0,SEPTEMBER,622175.0,12.14,6930627.0,AMAN
DKI JAKARTA,2025,P Jasa Pendidikan,AGUSTUS,5353976.0,SEPTEMBER,622175.0,8.61,4731801.0,AMAN
DKI JAKARTA,2025,Q Jasa Kesehatan dan Kegiatan Sosial,AGUSTUS,7655295.0,SEPTEMBER,622175.0,12.3,7033120.0,AMAN
DKI JAKARTA,2025,"R,S,T,U Jasa Lainnya",AGUSTUS,3227556.0,SEPTEMBER,622175.0,5.19,2605381.0,AMAN
DKI JAKARTA,2025,Total,AGUSTUS,5903603.0,SEPTEMBER,622175.0,9.49,5281428.0,AMAN
JAWA BARAT,2025,"A Pertanian, Kehutanan dan Perikanan",AGUSTUS,2311490.0,SEPTEMBER,430422.0,5.37,1881068.0,AMAN
JAWA BARAT,2025,B Pertambangan dan Penggalian,AGUSTUS,5408297.0,SEPTEMBER,430422.0,12.57,4977875.0,AMAN
JAWA BARAT,2025,C Industri Pengolahan,AGUSTUS,3840081.0,SEPTEMBER,430422.0,8.92,3409659.0,AMAN
JAWA BARAT,2025,D Pengadaan Listrik dan Gas,AGUSTUS,5968497.0,SEPTEMBER,430422.0,13.87,5538075.0,AMAN
JAWA BARAT,2025,"E Pengadaan Air, Pengelolaan Sampah, Limbah dan Daur Ulang",AGUSTUS,3011101.0,SEPTEMBER,430422.0,7.0,2580679.0,AMAN
JAWA BARAT,2025,F Konstruksi,AGUSTUS,3618117.0,SEPTEMBER,430422.0,8.41,3187695.0,AMAN
JAWA BARAT,2025,"G Perdagangan Besar dan Eceran, Reparasi Mobil dan Sepeda Motor",AGUSTUS,3173170.0,SEPTEMBER,430422.0,7.37,2742748.0,AMAN
JAWA BARAT,2025,H Transportasi dan Pergudangan,AGUSTUS,4144585.0,SEPTEMBER,430422.0,9.63,3714163.0,AMAN
JAWA BARAT,2025,I Penyediaan Akomodasi dan Makan Minum,AGUSTUS,2670491.0,SEPTEMBER,430422.0,6.2,2240069.0,AMAN
JAWA BARAT,2025,J Informasi dan Komunikasi,AGUSTUS,7551765.0,SEPTEMBER,430422.0,17.55,7121343.0,AMAN
JAWA BARAT,2025,K Jasa Keuangan dan Asuransi,AGUSTUS,5924246.0,SEPTEMBER,430422.0,13.76,5493824.0,AMAN
JAWA BARAT,2025,L Real Estate,AGUSTUS,4846855.0,SEPTEMBER,430422.0,11.26,4416433.0,AMAN
JAWA BARAT,2025,"M,N Jasa Perusahaan",AGUSTUS,4806483.0,SEPTEMBER,430422.0,11.17,4376061.0,AMAN
JAWA BARAT,2025,"O Administrasi Pemerintahan, Pertahanan dan Jaminan Sosial Wajib",AGUSTUS,5657788.0,SEPTEMBER,430422.0,13.14,5227366.0,AMAN
JAWA BARAT,2025,P Jasa Pendidikan,AGUSTUS,3355204.0,SEPTEMBER,430422.0,7.8,2924782.0,AMAN
JAWA BARAT,2025,Q Jasa Kesehatan dan Kegiatan Sosial,AGUSTUS,4565203.0,SEPTEMBER,430422.0,10.61,4134781.0,AMAN
JAWA BARAT,2025,"R,S,T,U Jasa Lainnya",AGUSTUS,1979444.0,SEPTEMBER,430422.0,4.6,1549022.0,RENTAN
JAWA BARAT,2025,Total,AGUSTUS,3768080.0,SEPTEMBER,430422.0,8.75,3337658.0,AMAN
JAWA TENGAH,2025,"A Pertanian, Kehutanan dan Perikanan",AGUSTUS,2499739.0,SEPTEMBER,432788.0,5.78,2066951.0,AMAN
JAWA TENGAH,2025,B Pertambangan dan Penggalian,AGUSTUS,3449057.0,SEPTEMBER,432788.0,7.97,3016269.0,AMAN
JAWA TENGAH,2025,C Industri Pengolahan,AGUSTUS,2235795.0,SEPTEMBER,432788.0,5.17,1803007.0,AMAN
JAWA TENGAH,2025,D Pengadaan Listrik dan Gas,AGUSTUS,4131346.0,SEPTEMBER,432788.0,9.55,3698558.0,AMAN
JAWA TENGAH,2025,"E Pengadaan Air, Pengelolaan Sampah, Limbah dan Daur Ulang",AGUSTUS,2602009.0,SEPTEMBER,432788.0,6.01,2169221.0,AMAN
JAWA TENGAH,2025,F Konstruksi,AGUSTUS,2980751.0,SEPTEMBER,432788.0,6.89,2547963.0,AMAN
JAWA TENGAH,2025,"G Perdagangan Besar dan Eceran, Reparasi Mobil dan Sepeda Motor",AGUSTUS,2075370.0,SEPTEMBER,432788.0,4.8,1642582.0,RENTAN
JAWA TENGAH,2025,H Transportasi dan Pergudangan,AGUSTUS,3351574.0,SEPTEMBER,432788.0,7.74,2918786.0,AMAN
JAWA TENGAH,2025,I Penyediaan Akomodasi dan Makan Minum,AGUSTUS,1868734.0,SEPTEMBER,432788.0,4.32,1435946.0,RENTAN
JAWA TENGAH,2025,J Informasi dan Komunikasi,AGUSTUS,3023530.0,SEPTEMBER,432788.0,6.99,2590742.0,AMAN
JAWA TENGAH,2025,K Jasa Keuangan dan Asuransi,AGUSTUS,3559361.0,SEPTEMBER,432788.0,8.22,3126573.0,AMAN
JAWA TENGAH,2025,L Real Estate,AGUSTUS,2991290.0,SEPTEMBER,432788.0,6.91,2558502.0,AMAN
JAWA TENGAH,2025,"M,N Jasa Perusahaan",AGUSTUS,3066931.0,SEPTEMBER,432788.0,7.09,2634143.0,AMAN
JAWA TENGAH,2025,"O Administrasi Pemerintahan, Pertahanan dan Jaminan Sosial Wajib",AGUSTUS,3846065.0,SEPTEMBER,432788.0,8.89,3413277.0,AMAN
JAWA TENGAH,2025,P Jasa Pendidikan,AGUSTUS,2574710.0,SEPTEMBER,432788.0,5.95,2141922.0,AMAN
JAWA TENGAH,2025,Q Jasa Kesehatan dan Kegiatan Sosial,AGUSTUS,3348444.0,SEPTEMBER,432788.0,7.74,2915656.0,AMAN
JAWA TENGAH,2025,"R,S,T,U Jasa Lainnya",AGUSTUS,1551543.0,SEPTEMBER,432788.0,3.58,1118755.0,RENTAN
JAWA TENGAH,2025,Total,AGUSTUS,2528470.0,SEPTEMBER,432788.0,5.84,2095682.0,AMAN
DI YOGYAKARTA,2025,"A Pertanian, Kehutanan dan Perikanan",AGUSTUS,1990087.0,SEPTEMBER,473070.0,4.21,1517017.0,RENTAN
DI YOGYAKARTA,2025,C Industri Pengolahan,AGUSTUS,2134022.0,SEPTEMBER,473070.0,4.51,1660952.0,RENTAN
DI YOGYAKARTA,2025,D Pengadaan Listrik dan Gas,AGUSTUS,2239255.0,SEPTEMBER,473070.0,4.73,1766185.0,RENTAN
DI YOGYAKARTA,2025,"E Pengadaan Air, Pengelolaan Sampah, Limbah dan Daur Ulang",AGUSTUS,2325412.0,SEPTEMBER,473070.0,4.92,1852342.0,RENTAN
DI YOGYAKARTA,2025,F Konstruksi,AGUSTUS,2668572.0,SEPTEMBER,473070.0,5.64,2195502.0,AMAN
DI YOGYAKARTA,2025,"G Perdagangan Besar dan Eceran, Reparasi Mobil dan Sepeda Motor",AGUSTUS,2484088.0,SEPTEMBER,473070.0,5.25,2011018.0,AMAN
DI YOGYAKARTA,2025,H Transportasi dan Pergudangan,AGUSTUS,3129546.0,SEPTEMBER,473070.0,6.62,2656476.0,AMAN
DI YOGYAKARTA,2025,I Penyediaan Akomodasi dan Makan Minum,AGUSTUS,2115144.0,SEPTEMBER,473070.0,4.47,1642074.0,RENTAN
DI YOGYAKARTA,2025,J Informasi dan Komunikasi,AGUSTUS,4312183.0,SEPTEMBER,473070.0,9.12,3839113.0,AMAN
DI YOGYAKARTA,2025,K Jasa Keuangan dan Asuransi,AGUSTUS,5533397.0,SEPTEMBER,473070.0,11.7,5060327.0,AMAN
DI YOGYAKARTA,2025,L Real Estate,AGUSTUS,3611217.0,SEPTEMBER,473070.0,7.63,3138147.0,AMAN
DI YOGYAKARTA,2025,"M,N Jasa Perusahaan",AGUSTUS,3167786.0,SEPTEMBER,473070.0,6.7,2694716.0,AMAN
DI YOGYAKARTA,2025,"O Administrasi Pemerintahan, Pertahanan dan Jaminan Sosial Wajib",AGUSTUS,5211647.0,SEPTEMBER,473070.0,11.02,4738577.0,AMAN
DI YOGYAKARTA,2025,P Jasa Pendidikan,AGUSTUS,3744298.0,SEPTEMBER,473070.0,7.91,3271228.0,AMAN
DI YOGYAKARTA,2025,Q Jasa Kesehatan dan Kegiatan Sosial,AGUSTUS,4024492.0,SEPTEMBER,473070.0,8.51,3551422.0,AMAN
DI YOGYAKARTA,2025,"R,S,T,U Jasa Lainnya",AGUSTUS,1472540.0,SEPTEMBER,473070.0,3.11,999470.0,RENTAN
DI YOGYAKARTA,2025,Total,AGUSTUS,2924613.0,SEPTEMBER,473070.0,6.18,2451543.0,AMAN
JAWA TIMUR,2025,"A Pertanian, Kehutanan dan Perikanan",AGUSTUS,2323209.0,SEPTEMBER,447332.0,5.19,1875877.0,AMAN
JAWA TIMUR,2025,B Pertambangan dan Penggalian,AGUSTUS,4025080.0,SEPTEMBER,447332.0,9.0,3577748.0,AMAN
JAWA TIMUR,2025,C Industri Pengolahan,AGUSTUS,2912502.0,SEPTEMBER,447332.0,6.51,2465170.0,AMAN
JAWA TIMUR,2025,D Pengadaan Listrik dan Gas,AGUSTUS,5120716.0,SEPTEMBER,447332.0,11.45,4673384.0,AMAN
JAWA TIMUR,2025,"E Pengadaan Air, Pengelolaan Sampah, Limbah dan Daur Ulang",AGUSTUS,2153560.0,SEPTEMBER,447332.0,4.81,1706228.0,RENTAN
JAWA TIMUR,2025,F Konstruksi,AGUSTUS,3117810.0,SEPTEMBER,447332.0,6.97,2670478.0,AMAN
JAWA TIMUR,2025,"G Perdagangan Besar dan Eceran, Reparasi Mobil dan Sepeda Motor",AGUSTUS,2385530.0,SEPTEMBER,447332.0,5.33,1938198.0,AMAN
JAWA TIMUR,2025,H Transportasi dan Pergudangan,AGUSTUS,3906264.0,SEPTEMBER,447332.0,8.73,3458932.0,AMAN
JAWA TIMUR,2025,I Penyediaan Akomodasi dan Makan Minum,AGUSTUS,1959892.0,SEPTEMBER,447332.0,4.38,1512560.0,RENTAN
JAWA TIMUR,2025,J Informasi dan Komunikasi,AGUSTUS,3606144.0,SEPTEMBER,447332.0,8.06,3158812.0,AMAN
JAWA TIMUR,2025,K Jasa Keuangan dan Asuransi,AGUSTUS,4526123.0,SEPTEMBER,447332.0,10.12,4078791.0,AMAN
JAWA TIMUR,2025,L Real Estate,AGUSTUS,3782620.0,SEPTEMBER,447332.0,8.46,3335288.0,AMAN
JAWA TIMUR,2025,"M,N Jasa Perusahaan",AGUSTUS,3658020.0,SEPTEMBER,447332.0,8.18,3210688.0,AMAN
JAWA TIMUR,2025,"O Administrasi Pemerintahan, Pertahanan dan Jaminan Sosial Wajib",AGUSTUS,4481098.0,SEPTEMBER,447332.0,10.02,4033766.0,AMAN
JAWA TIMUR,2025,P Jasa Pendidikan,AGUSTUS,2456837.0,SEPTEMBER,447332.0,5.49,2009505.0,AMAN
JAWA TIMUR,2025,Q Jasa Kesehatan dan Kegiatan Sosial,AGUSTUS,3303029.0,SEPTEMBER,447332.0,7.38,2855697.0,AMAN
JAWA TIMUR,2025,"R,S,T,U Jasa Lainnya",AGUSTUS,1911459.0,SEPTEMBER,447332.0,4.27,1464127.0,RENTAN
JAWA TIMUR,2025,Total,AGUSTUS,2899074.0,SEPTEMBER,447332.0,6.48,2451742.0,AMAN
BANTEN,2025,"A Pertanian, Kehutanan dan Perikanan",AGUSTUS,2310248.0,SEPTEMBER,524678.0,4.4,1785570.0,RENTAN
BANTEN,2025,B Pertambangan dan Penggalian,AGUSTUS,5360660.0,SEPTEMBER,524678.0,10.22,4835982.0,AMAN
BANTEN,2025,C Industri Pengolahan,AGUSTUS,4429999.0,SEPTEMBER,524678.0,8.44,3905321.0,AMAN
BANTEN,2025,D Pengadaan Listrik dan Gas,AGUSTUS,6796508.0,SEPTEMBER,524678.0,12.95,6271830.0,AMAN
BANTEN,2025,"E Pengadaan Air, Pengelolaan Sampah, Limbah dan Daur Ulang",AGUSTUS,2458019.0,SEPTEMBER,524678.0,4.68,1933341.0,RENTAN
BANTEN,2025,F Konstruksi,AGUSTUS,3796005.0,SEPTEMBER,524678.0,7.23,3271327.0,AMAN
BANTEN,2025,"G Perdagangan Besar dan Eceran, Reparasi Mobil dan Sepeda Motor",AGUSTUS,3631925.0,SEPTEMBER,524678.0,6.92,3107247.0,AMAN
BANTEN,2025,H Transportasi dan Pergudangan,AGUSTUS,4430744.0,SEPTEMBER,524678.0,8.44,3906066.0,AMAN
BANTEN,2025,I Penyediaan Akomodasi dan Makan Minum,AGUSTUS,2822262.0,SEPTEMBER,524678.0,5.38,2297584.0,AMAN
BANTEN,2025,J Informasi dan Komunikasi,AGUSTUS,6601112.0,SEPTEMBER,524678.0,12.58,6076434.0,AMAN
BANTEN,2025,K Jasa Keuangan dan Asuransi,AGUSTUS,6524190.0,SEPTEMBER,524678.0,12.43,5999512.0,AMAN
BANTEN,2025,L Real Estate,AGUSTUS,3346296.0,SEPTEMBER,524678.0,6.38,2821618.0,AMAN
BANTEN,2025,"M,N Jasa Perusahaan",AGUSTUS,5191143.0,SEPTEMBER,524678.0,9.89,4666465.0,AMAN
BANTEN,2025,"O Administrasi Pemerintahan, Pertahanan dan Jaminan Sosial Wajib",AGUSTUS,5516624.0,SEPTEMBER,524678.0,10.51,4991946.0,AMAN
BANTEN,2025,P Jasa Pendidikan,AGUSTUS,3272811.0,SEPTEMBER,524678.0,6.24,2748133.0,AMAN
BANTEN,2025,Q Jasa Kesehatan dan Kegiatan Sosial,AGUSTUS,5676843.0,SEPTEMBER,524678.0,10.82,5152165.0,AMAN
BANTEN,2025,"R,S,T,U Jasa Lainnya",AGUSTUS,2027226.0,SEPTEMBER,524678.0,3.86,1502548.0,RENTAN
BANTEN,2025,Total,AGUSTUS,4062488.0,SEPTEMBER,524678.0,7.74,3537810.0,AMAN
BALI,2025,"A Pertanian, Kehutanan dan Perikanan",AGUSTUS,2306945.0,SEPTEMBER,445225.0,5.18,1861720.0,AMAN
BALI,2025,B Pertambangan dan Penggalian,AGUSTUS,4154110.0,SEPTEMBER,445225.0,9.33,3708885.0,AMAN
BALI,2025,C Industri Pengolahan,AGUSTUS,2363507.0,SEPTEMBER,445225.0,5.31,1918282.0,AMAN
BALI,2025,D Pengadaan Listrik dan Gas,AGUSTUS,4754239.0,SEPTEMBER,445225.0,10.68,4309014.0,AMAN
BALI,2025,"E Pengadaan Air, Pengelolaan Sampah, Limbah dan Daur Ulang",AGUSTUS,3204740.0,SEPTEMBER,445225.0,7.2,2759515.0,AMAN
BALI,2025,F Konstruksi,AGUSTUS,3124570.0,SEPTEMBER,445225.0,7.02,2679345.0,AMAN
BALI,2025,"G Perdagangan Besar dan Eceran, Reparasi Mobil dan Sepeda Motor",AGUSTUS,2653785.0,SEPTEMBER,445225.0,5.96,2208560.0,AMAN
BALI,2025,H Transportasi dan Pergudangan,AGUSTUS,8407709.0,SEPTEMBER,445225.0,18.88,7962484.0,AMAN
BALI,2025,I Penyediaan Akomodasi dan Makan Minum,AGUSTUS,3664983.0,SEPTEMBER,445225.0,8.23,3219758.0,AMAN
BALI,2025,J Informasi dan Komunikasi,AGUSTUS,4344930.0,SEPTEMBER,445225.0,9.76,3899705.0,AMAN
BALI,2025,K Jasa Keuangan dan Asuransi,AGUSTUS,3903146.0,SEPTEMBER,445225.0,8.77,3457921.0,AMAN
BALI,2025,L Real Estate,AGUSTUS,5198855.0,SEPTEMBER,445225.0,11.68,4753630.0,AMAN
BALI,2025,"M,N Jasa Perusahaan",AGUSTUS,3834844.0,SEPTEMBER,445225.0,8.61,3389619.0,AMAN
BALI,2025,"O Administrasi Pemerintahan, Pertahanan dan Jaminan Sosial Wajib",AGUSTUS,4886977.0,SEPTEMBER,445225.0,10.98,4441752.0,AMAN
BALI,2025,P Jasa Pendidikan,AGUSTUS,3720093.0,SEPTEMBER,445225.0,8.36,3274868.0,AMAN
BALI,2025,Q Jasa Kesehatan dan Kegiatan Sosial,AGUSTUS,4039595.0,SEPTEMBER,445225.0,9.07,3594370.0,AMAN
BALI,2025,"R,S,T,U Jasa Lainnya",AGUSTUS,2768272.0,SEPTEMBER,445225.0,6.22,2323047.0,AMAN
BALI,2025,Total,AGUSTUS,3639413.0,SEPTEMBER,445225.0,8.17,3194188.0,AMAN
NUSA TENGGARA BARAT,2025,"A Pertanian, Kehutanan dan Perikanan",AGUSTUS,2535105.0,SEPTEMBER,436593.0,5.81,2098512.0,AMAN
NUSA TENGGARA BARAT,2025,B Pertambangan dan Penggalian,AGUSTUS,3535185.0,SEPTEMBER,436593.0,8.1,3098592.0,AMAN
NUSA TENGGARA BARAT,2025,C Industri Pengolahan,AGUSTUS,1757890.0,SEPTEMBER,436593.0,4.03,1321297.0,RENTAN
NUSA TENGGARA BARAT,2025,D Pengadaan Listrik dan Gas,AGUSTUS,3875488.0,SEPTEMBER,436593.0,8.88,3438895.0,AMAN
NUSA TENGGARA BARAT,2025,"E Pengadaan Air, Pengelolaan Sampah, Limbah dan Daur Ulang",AGUSTUS,2770781.0,SEPTEMBER,436593.0,6.35,2334188.0,AMAN
NUSA TENGGARA BARAT,2025,F Konstruksi,AGUSTUS,2625009.0,SEPTEMBER,436593.0,6.01,2188416.0,AMAN
NUSA TENGGARA BARAT,2025,"G Perdagangan Besar dan Eceran, Reparasi Mobil dan Sepeda Motor",AGUSTUS,2115581.0,SEPTEMBER,436593.0,4.85,1678988.0,RENTAN
NUSA TENGGARA BARAT,2025,H Transportasi dan Pergudangan,AGUSTUS,2577617.0,SEPTEMBER,436593.0,5.9,2141024.0,AMAN
NUSA TENGGARA BARAT,2025,I Penyediaan Akomodasi dan Makan Minum,AGUSTUS,2308459.0,SEPTEMBER,436593.0,5.29,1871866.0,AMAN
NUSA TENGGARA BARAT,2025,J Informasi dan Komunikasi,AGUSTUS,2322887.0,SEPTEMBER,436593.0,5.32,1886294.0,AMAN
NUSA TENGGARA BARAT,2025,K Jasa Keuangan dan Asuransi,AGUSTUS,3986724.0,SEPTEMBER,436593.0,9.13,3550131.0,AMAN
NUSA TENGGARA BARAT,2025,L Real Estate,AGUSTUS,4260834.0,SEPTEMBER,436593.0,9.76,3824241.0,AMAN
NUSA TENGGARA BARAT,2025,"M,N Jasa Perusahaan",AGUSTUS,2828112.0,SEPTEMBER,436593.0,6.48,2391519.0,AMAN
NUSA TENGGARA BARAT,2025,"O Administrasi Pemerintahan, Pertahanan dan Jaminan Sosial Wajib",AGUSTUS,3737523.0,SEPTEMBER,436593.0,8.56,3300930.0,AMAN
NUSA TENGGARA BARAT,2025,P Jasa Pendidikan,AGUSTUS,2411076.0,SEPTEMBER,436593.0,5.52,1974483.0,AMAN
NUSA TENGGARA BARAT,2025,Q Jasa Kesehatan dan Kegiatan Sosial,AGUSTUS,2574698.0,SEPTEMBER,436593.0,5.9,2138105.0,AMAN
NUSA TENGGARA BARAT,2025,"R,S,T,U Jasa Lainnya",AGUSTUS,1332720.0,SEPTEMBER,436593.0,3.05,896127.0,RENTAN
NUSA TENGGARA BARAT,2025,Total,AGUSTUS,2569181.0,SEPTEMBER,436593.0,5.88,2132588.0,AMAN
NUSA TENGGARA TIMUR,2025,"A Pertanian, Kehutanan dan Perikanan",AGUSTUS,2223012.0,SEPTEMBER,425350.0,5.23,1797662.0,AMAN
NUSA TENGGARA TIMUR,2025,B Pertambangan dan Penggalian,AGUSTUS,2749311.0,SEPTEMBER,425350.0,6.46,2323961.0,AMAN
NUSA TENGGARA TIMUR,2025,C Industri Pengolahan,AGUSTUS,1385173.0,SEPTEMBER,425350.0,3.26,959823.0,RENTAN
NUSA TENGGARA TIMUR,2025,D Pengadaan Listrik dan Gas,AGUSTUS,2669035.0,SEPTEMBER,425350.0,6.27,2243685.0,AMAN
NUSA TENGGARA TIMUR,2025,"E Pengadaan Air, Pengelolaan Sampah, Limbah dan Daur Ulang",AGUSTUS,1968960.0,SEPTEMBER,425350.0,4.63,1543610.0,RENTAN
NUSA TENGGARA TIMUR,2025,F Konstruksi,AGUSTUS,2253967.0,SEPTEMBER,425350.0,5.3,1828617.0,AMAN
NUSA TENGGARA TIMUR,2025,"G Perdagangan Besar dan Eceran, Reparasi Mobil dan Sepeda Motor",AGUSTUS,1988447.0,SEPTEMBER,425350.0,4.67,1563097.0,RENTAN
NUSA TENGGARA TIMUR,2025,H Transportasi dan Pergudangan,AGUSTUS,1863932.0,SEPTEMBER,425350.0,4.38,1438582.0,RENTAN
NUSA TENGGARA TIMUR,2025,I Penyediaan Akomodasi dan Makan Minum,AGUSTUS,1598314.0,SEPTEMBER,425350.0,3.76,1172964.0,RENTAN
NUSA TENGGARA TIMUR,2025,J Informasi dan Komunikasi,AGUSTUS,3042272.0,SEPTEMBER,425350.0,7.15,2616922.0,AMAN
NUSA TENGGARA TIMUR,2025,K Jasa Keuangan dan Asuransi,AGUSTUS,3416394.0,SEPTEMBER,425350.0,8.03,2991044.0,AMAN
NUSA TENGGARA TIMUR,2025,"M,N Jasa Perusahaan",AGUSTUS,2773965.0,SEPTEMBER,425350.0,6.52,2348615.0,AMAN
NUSA TENGGARA TIMUR,2025,"O Administrasi Pemerintahan, Pertahanan dan Jaminan Sosial Wajib",AGUSTUS,3711507.0,SEPTEMBER,425350.0,8.73,3286157.0,AMAN
NUSA TENGGARA TIMUR,2025,P Jasa Pendidikan,AGUSTUS,2722555.0,SEPTEMBER,425350.0,6.4,2297205.0,AMAN
NUSA TENGGARA TIMUR,2025,Q Jasa Kesehatan dan Kegiatan Sosial,AGUSTUS,2731744.0,SEPTEMBER,425350.0,6.42,2306394.0,AMAN
NUSA TENGGARA TIMUR,2025,"R,S,T,U Jasa Lainnya",AGUSTUS,1461597.0,SEPTEMBER,425350.0,3.44,1036247.0,RENTAN
NUSA TENGGARA TIMUR,2025,Total,AGUSTUS,2674136.0,SEPTEMBER,425350.0,6.29,2248786.0,AMAN
KALIMANTAN BARAT,2025,"A Pertanian, Kehutanan dan Perikanan",AGUSTUS,2873379.0,SEPTEMBER,491177.0,5.85,2382202.0,AMAN
KALIMANTAN BARAT,2025,B Pertambangan dan Penggalian,AGUSTUS,3112074.0,SEPTEMBER,491177.0,6.34,2620897.0,AMAN
KALIMANTAN BARAT,2025,C Industri Pengolahan,AGUSTUS,3033943.0,SEPTEMBER,491177.0,6.18,2542766.0,AMAN
KALIMANTAN BARAT,2025,D Pengadaan Listrik dan Gas,AGUSTUS,3870053.0,SEPTEMBER,491177.0,7.88,3378876.0,AMAN
KALIMANTAN BARAT,2025,"E Pengadaan Air, Pengelolaan Sampah, Limbah dan Daur Ulang",AGUSTUS,4147490.0,SEPTEMBER,491177.0,8.44,3656313.0,AMAN
KALIMANTAN BARAT,2025,F Konstruksi,AGUSTUS,3057439.0,SEPTEMBER,491177.0,6.22,2566262.0,AMAN
KALIMANTAN BARAT,2025,"G Perdagangan Besar dan Eceran, Reparasi Mobil dan Sepeda Motor",AGUSTUS,2359574.0,SEPTEMBER,491177.0,4.8,1868397.0,RENTAN
KALIMANTAN BARAT,2025,H Transportasi dan Pergudangan,AGUSTUS,3149551.0,SEPTEMBER,491177.0,6.41,2658374.0,AMAN
KALIMANTAN BARAT,2025,I Penyediaan Akomodasi dan Makan Minum,AGUSTUS,1860241.0,SEPTEMBER,491177.0,3.79,1369064.0,RENTAN
KALIMANTAN BARAT,2025,J Informasi dan Komunikasi,AGUSTUS,2916679.0,SEPTEMBER,491177.0,5.94,2425502.0,AMAN
KALIMANTAN BARAT,2025,K Jasa Keuangan dan Asuransi,AGUSTUS,4307032.0,SEPTEMBER,491177.0,8.77,3815855.0,AMAN
KALIMANTAN BARAT,2025,L Real Estate,AGUSTUS,3808101.0,SEPTEMBER,491177.0,7.75,3316924.0,AMAN
KALIMANTAN BARAT,2025,"M,N Jasa Perusahaan",AGUSTUS,2879945.0,SEPTEMBER,491177.0,5.86,2388768.0,AMAN
KALIMANTAN BARAT,2025,"O Administrasi Pemerintahan, Pertahanan dan Jaminan Sosial Wajib",AGUSTUS,3993072.0,SEPTEMBER,491177.0,8.13,3501895.0,AMAN
KALIMANTAN BARAT,2025,P Jasa Pendidikan,AGUSTUS,3043549.0,SEPTEMBER,491177.0,6.2,2552372.0,AMAN
KALIMANTAN BARAT,2025,Q Jasa Kesehatan dan Kegiatan Sosial,AGUSTUS,3470610.0,SEPTEMBER,491177.0,7.07,2979433.0,AMAN
KALIMANTAN BARAT,2025,"R,S,T,U Jasa Lainnya",AGUSTUS,1674115.0,SEPTEMBER,491177.0,3.41,1182938.0,RENTAN
KALIMANTAN BARAT,2025,Total,AGUSTUS,2972111.0,SEPTEMBER,491177.0,6.05,2480934.0,AMAN
KALIMANTAN TENGAH,2025,"A Pertanian, Kehutanan dan Perikanan",AGUSTUS,3251951.0,SEPTEMBER,526003.0,6.18,2725948.0,AMAN
KALIMANTAN TENGAH,2025,B Pertambangan dan Penggalian,AGUSTUS,4253897.0,SEPTEMBER,526003.0,8.09,3727894.0,AMAN
KALIMANTAN TENGAH,2025,C Industri Pengolahan,AGUSTUS,3056312.0,SEPTEMBER,526003.0,5.81,2530309.0,AMAN
KALIMANTAN TENGAH,2025,D Pengadaan Listrik dan Gas,AGUSTUS,3327363.0,SEPTEMBER,526003.0,6.33,2801360.0,AMAN
KALIMANTAN TENGAH,2025,"E Pengadaan Air, Pengelolaan Sampah, Limbah dan Daur Ulang",AGUSTUS,3293592.0,SEPTEMBER,526003.0,6.26,2767589.0,AMAN
KALIMANTAN TENGAH,2025,F Konstruksi,AGUSTUS,3716973.0,SEPTEMBER,526003.0,7.07,3190970.0,AMAN
KALIMANTAN TENGAH,2025,"G Perdagangan Besar dan Eceran, Reparasi Mobil dan Sepeda Motor",AGUSTUS,2628652.0,SEPTEMBER,526003.0,5.0,2102649.0,RENTAN
KALIMANTAN TENGAH,2025,H Transportasi dan Pergudangan,AGUSTUS,3688061.0,SEPTEMBER,526003.0,7.01,3162058.0,AMAN
KALIMANTAN TENGAH,2025,I Penyediaan Akomodasi dan Makan Minum,AGUSTUS,1863206.0,SEPTEMBER,526003.0,3.54,1337203.0,RENTAN
KALIMANTAN TENGAH,2025,J Informasi dan Komunikasi,AGUSTUS,3439777.0,SEPTEMBER,526003.0,6.54,2913774.0,AMAN
KALIMANTAN TENGAH,2025,K Jasa Keuangan dan Asuransi,AGUSTUS,4191035.0,SEPTEMBER,526003.0,7.97,3665032.0,AMAN
KALIMANTAN TENGAH,2025,L Real Estate,AGUSTUS,3815629.0,SEPTEMBER,526003.0,7.25,3289626.0,AMAN
KALIMANTAN TENGAH,2025,"M,N Jasa Perusahaan",AGUSTUS,3255630.0,SEPTEMBER,526003.0,6.19,2729627.0,AMAN
KALIMANTAN TENGAH,2025,"O Administrasi Pemerintahan, Pertahanan dan Jaminan Sosial Wajib",AGUSTUS,3968065.0,SEPTEMBER,526003.0,7.54,3442062.0,AMAN
KALIMANTAN TENGAH,2025,P Jasa Pendidikan,AGUSTUS,3343922.0,SEPTEMBER,526003.0,6.36,2817919.0,AMAN
KALIMANTAN TENGAH,2025,Q Jasa Kesehatan dan Kegiatan Sosial,AGUSTUS,3508598.0,SEPTEMBER,526003.0,6.67,2982595.0,AMAN
KALIMANTAN TENGAH,2025,"R,S,T,U Jasa Lainnya",AGUSTUS,1934308.0,SEPTEMBER,526003.0,3.68,1408305.0,RENTAN
KALIMANTAN TENGAH,2025,Total,AGUSTUS,3451676.0,SEPTEMBER,526003.0,6.56,2925673.0,AMAN
KALIMANTAN SELATAN,2025,"A Pertanian, Kehutanan dan Perikanan",AGUSTUS,2937079.0,SEPTEMBER,491795.0,5.97,2445284.0,AMAN
KALIMANTAN SELATAN,2025,B Pertambangan dan Penggalian,AGUSTUS,4975706.0,SEPTEMBER,491795.0,10.12,4483911.0,AMAN
KALIMANTAN SELATAN,2025,C Industri Pengolahan,AGUSTUS,2691398.0,SEPTEMBER,491795.0,5.47,2199603.0,AMAN
KALIMANTAN SELATAN,2025,D Pengadaan Listrik dan Gas,AGUSTUS,4572661.0,SEPTEMBER,491795.0,9.3,4080866.0,AMAN
KALIMANTAN SELATAN,2025,"E Pengadaan Air, Pengelolaan Sampah, Limbah dan Daur Ulang",AGUSTUS,3145805.0,SEPTEMBER,491795.0,6.4,2654010.0,AMAN
KALIMANTAN SELATAN,2025,F Konstruksi,AGUSTUS,2849386.0,SEPTEMBER,491795.0,5.79,2357591.0,AMAN
KALIMANTAN SELATAN,2025,"G Perdagangan Besar dan Eceran, Reparasi Mobil dan Sepeda Motor",AGUSTUS,2622960.0,SEPTEMBER,491795.0,5.33,2131165.0,AMAN
KALIMANTAN SELATAN,2025,H Transportasi dan Pergudangan,AGUSTUS,3486402.0,SEPTEMBER,491795.0,7.09,2994607.0,AMAN
KALIMANTAN SELATAN,2025,I Penyediaan Akomodasi dan Makan Minum,AGUSTUS,2013760.0,SEPTEMBER,491795.0,4.09,1521965.0,RENTAN
KALIMANTAN SELATAN,2025,J Informasi dan Komunikasi,AGUSTUS,2621703.0,SEPTEMBER,491795.0,5.33,2129908.0,AMAN
KALIMANTAN SELATAN,2025,K Jasa Keuangan dan Asuransi,AGUSTUS,4342735.0,SEPTEMBER,491795.0,8.83,3850940.0,AMAN
KALIMANTAN SELATAN,2025,L Real Estate,AGUSTUS,4003719.0,SEPTEMBER,491795.0,8.14,3511924.0,AMAN
KALIMANTAN SELATAN,2025,"M,N Jasa Perusahaan",AGUSTUS,3324262.0,SEPTEMBER,491795.0,6.76,2832467.0,AMAN
KALIMANTAN SELATAN,2025,"O Administrasi Pemerintahan, Pertahanan dan Jaminan Sosial Wajib",AGUSTUS,4023449.0,SEPTEMBER,491795.0,8.18,3531654.0,AMAN
KALIMANTAN SELATAN,2025,P Jasa Pendidikan,AGUSTUS,2965062.0,SEPTEMBER,491795.0,6.03,2473267.0,AMAN
KALIMANTAN SELATAN,2025,Q Jasa Kesehatan dan Kegiatan Sosial,AGUSTUS,3165500.0,SEPTEMBER,491795.0,6.44,2673705.0,AMAN
KALIMANTAN SELATAN,2025,"R,S,T,U Jasa Lainnya",AGUSTUS,1514354.0,SEPTEMBER,491795.0,3.08,1022559.0,RENTAN
KALIMANTAN SELATAN,2025,Total,AGUSTUS,3164480.0,SEPTEMBER,491795.0,6.43,2672685.0,AMAN
KALIMANTAN TIMUR,2025,"A Pertanian, Kehutanan dan Perikanan",AGUSTUS,4437670.0,SEPTEMBER,629611.0,7.05,3808059.0,AMAN
KALIMANTAN TIMUR,2025,B Pertambangan dan Penggalian,AGUSTUS,6632753.0,SEPTEMBER,629611.0,10.53,6003142.0,AMAN
KALIMANTAN TIMUR,2025,C Industri Pengolahan,AGUSTUS,4978610.0,SEPTEMBER,629611.0,7.91,4348999.0,AMAN
KALIMANTAN TIMUR,2025,D Pengadaan Listrik dan Gas,AGUSTUS,5393154.0,SEPTEMBER,629611.0,8.57,4763543.0,AMAN
KALIMANTAN TIMUR,2025,"E Pengadaan Air, Pengelolaan Sampah, Limbah dan Daur Ulang",AGUSTUS,5007179.0,SEPTEMBER,629611.0,7.95,4377568.0,AMAN
KALIMANTAN TIMUR,2025,F Konstruksi,AGUSTUS,4361213.0,SEPTEMBER,629611.0,6.93,3731602.0,AMAN
KALIMANTAN TIMUR,2025,"G Perdagangan Besar dan Eceran, Reparasi Mobil dan Sepeda Motor",AGUSTUS,3297589.0,SEPTEMBER,629611.0,5.24,2667978.0,AMAN
KALIMANTAN TIMUR,2025,H Transportasi dan Pergudangan,AGUSTUS,4801768.0,SEPTEMBER,629611.0,7.63,4172157.0,AMAN
KALIMANTAN TIMUR,2025,I Penyediaan Akomodasi dan Makan Minum,AGUSTUS,2315557.0,SEPTEMBER,629611.0,3.68,1685946.0,RENTAN
KALIMANTAN TIMUR,2025,J Informasi dan Komunikasi,AGUSTUS,4667589.0,SEPTEMBER,629611.0,7.41,4037978.0,AMAN
KALIMANTAN TIMUR,2025,K Jasa Keuangan dan Asuransi,AGUSTUS,4876634.0,SEPTEMBER,629611.0,7.75,4247023.0,AMAN
KALIMANTAN TIMUR,2025,L Real Estate,AGUSTUS,3407516.0,SEPTEMBER,629611.0,5.41,2777905.0,AMAN
KALIMANTAN TIMUR,2025,"M,N Jasa Perusahaan",AGUSTUS,4561042.0,SEPTEMBER,629611.0,7.24,3931431.0,AMAN
KALIMANTAN TIMUR,2025,"O Administrasi Pemerintahan, Pertahanan dan Jaminan Sosial Wajib",AGUSTUS,4577903.0,SEPTEMBER,629611.0,7.27,3948292.0,AMAN
KALIMANTAN TIMUR,2025,P Jasa Pendidikan,AGUSTUS,3925394.0,SEPTEMBER,629611.0,6.23,3295783.0,AMAN
KALIMANTAN TIMUR,2025,Q Jasa Kesehatan dan Kegiatan Sosial,AGUSTUS,4361425.0,SEPTEMBER,629611.0,6.93,3731814.0,AMAN
KALIMANTAN TIMUR,2025,"R,S,T,U Jasa Lainnya",AGUSTUS,2166722.0,SEPTEMBER,629611.0,3.44,1537111.0,RENTAN
KALIMANTAN TIMUR,2025,Total,AGUSTUS,4475944.0,SEPTEMBER,629611.0,7.11,3846333.0,AMAN
KALIMANTAN UTARA,2025,"A Pertanian, Kehutanan dan Perikanan",AGUSTUS,2987674.0,SEPTEMBER,689268.0,4.33,2298406.0,RENTAN
KALIMANTAN UTARA,2025,B Pertambangan dan Penggalian,AGUSTUS,5748893.0,SEPTEMBER,689268.0,8.34,5059625.0,AMAN
KALIMANTAN UTARA,2025,C Industri Pengolahan,AGUSTUS,3925506.0,SEPTEMBER,689268.0,5.7,3236238.0,AMAN
KALIMANTAN UTARA,2025,D Pengadaan Listrik dan Gas,AGUSTUS,4061738.0,SEPTEMBER,689268.0,5.89,3372470.0,AMAN
KALIMANTAN UTARA,2025,"E Pengadaan Air, Pengelolaan Sampah, Limbah dan Daur Ulang",AGUSTUS,4595745.0,SEPTEMBER,689268.0,6.67,3906477.0,AMAN
KALIMANTAN UTARA,2025,F Konstruksi,AGUSTUS,2973695.0,SEPTEMBER,689268.0,4.31,2284427.0,RENTAN
KALIMANTAN UTARA,2025,"G Perdagangan Besar dan Eceran, Reparasi Mobil dan Sepeda Motor",AGUSTUS,2389231.0,SEPTEMBER,689268.0,3.47,1699963.0,RENTAN
KALIMANTAN UTARA,2025,H Transportasi dan Pergudangan,AGUSTUS,2856504.0,SEPTEMBER,689268.0,4.14,2167236.0,RENTAN
KALIMANTAN UTARA,2025,I Penyediaan Akomodasi dan Makan Minum,AGUSTUS,2010970.0,SEPTEMBER,689268.0,2.92,1321702.0,KRITIS
KALIMANTAN UTARA,2025,J Informasi dan Komunikasi,AGUSTUS,3897355.0,SEPTEMBER,689268.0,5.65,3208087.0,AMAN
KALIMANTAN UTARA,2025,K Jasa Keuangan dan Asuransi,AGUSTUS,5132038.0,SEPTEMBER,689268.0,7.45,4442770.0,AMAN
KALIMANTAN UTARA,2025,L Real Estate,AGUSTUS,4736908.0,SEPTEMBER,689268.0,6.87,4047640.0,AMAN
KALIMANTAN UTARA,2025,"M,N Jasa Perusahaan",AGUSTUS,3685325.0,SEPTEMBER,689268.0,5.35,2996057.0,AMAN
KALIMANTAN UTARA,2025,"O Administrasi Pemerintahan, Pertahanan dan Jaminan Sosial Wajib",AGUSTUS,4647506.0,SEPTEMBER,689268.0,6.74,3958238.0,AMAN
KALIMANTAN UTARA,2025,P Jasa Pendidikan,AGUSTUS,3733868.0,SEPTEMBER,689268.0,5.42,3044600.0,AMAN
KALIMANTAN UTARA,2025,Q Jasa Kesehatan dan Kegiatan Sosial,AGUSTUS,3863921.0,SEPTEMBER,689268.0,5.61,3174653.0,AMAN
KALIMANTAN UTARA,2025,"R,S,T,U Jasa Lainnya",AGUSTUS,1937383.0,SEPTEMBER,689268.0,2.81,1248115.0,KRITIS
KALIMANTAN UTARA,2025,Total,AGUSTUS,3675921.0,SEPTEMBER,689268.0,5.33,2986653.0,AMAN
SULAWESI UTARA,2025,"A Pertanian, Kehutanan dan Perikanan",AGUSTUS,2707401.0,SEPTEMBER,434089.0,6.24,2273312.0,AMAN
SULAWESI UTARA,2025,B Pertambangan dan Penggalian,AGUSTUS,4307039.0,SEPTEMBER,434089.0,9.92,3872950.0,AMAN
SULAWESI UTARA,2025,C Industri Pengolahan,AGUSTUS,3044227.0,SEPTEMBER,434089.0,7.01,2610138.0,AMAN
SULAWESI UTARA,2025,D Pengadaan Listrik dan Gas,AGUSTUS,4634203.0,SEPTEMBER,434089.0,10.68,4200114.0,AMAN
SULAWESI UTARA,2025,"E Pengadaan Air, Pengelolaan Sampah, Limbah dan Daur Ulang",AGUSTUS,2964738.0,SEPTEMBER,434089.0,6.83,2530649.0,AMAN
SULAWESI UTARA,2025,F Konstruksi,AGUSTUS,3163919.0,SEPTEMBER,434089.0,7.29,2729830.0,AMAN
SULAWESI UTARA,2025,"G Perdagangan Besar dan Eceran, Reparasi Mobil dan Sepeda Motor",AGUSTUS,3016364.0,SEPTEMBER,434089.0,6.95,2582275.0,AMAN
SULAWESI UTARA,2025,H Transportasi dan Pergudangan,AGUSTUS,3795138.0,SEPTEMBER,434089.0,8.74,3361049.0,AMAN
SULAWESI UTARA,2025,I Penyediaan Akomodasi dan Makan Minum,AGUSTUS,2853485.0,SEPTEMBER,434089.0,6.57,2419396.0,AMAN
SULAWESI UTARA,2025,J Informasi dan Komunikasi,AGUSTUS,3104898.0,SEPTEMBER,434089.0,7.15,2670809.0,AMAN
SULAWESI UTARA,2025,K Jasa Keuangan dan Asuransi,AGUSTUS,4263007.0,SEPTEMBER,434089.0,9.82,3828918.0,AMAN
SULAWESI UTARA,2025,L Real Estate,AGUSTUS,3430523.0,SEPTEMBER,434089.0,7.9,2996434.0,AMAN
SULAWESI UTARA,2025,"M,N Jasa Perusahaan",AGUSTUS,3437984.0,SEPTEMBER,434089.0,7.92,3003895.0,AMAN
SULAWESI UTARA,2025,"O Administrasi Pemerintahan, Pertahanan dan Jaminan Sosial Wajib",AGUSTUS,4048785.0,SEPTEMBER,434089.0,9.33,3614696.0,AMAN
SULAWESI UTARA,2025,P Jasa Pendidikan,AGUSTUS,3588404.0,SEPTEMBER,434089.0,8.27,3154315.0,AMAN
SULAWESI UTARA,2025,Q Jasa Kesehatan dan Kegiatan Sosial,AGUSTUS,3511740.0,SEPTEMBER,434089.0,8.09,3077651.0,AMAN
SULAWESI UTARA,2025,"R,S,T,U Jasa Lainnya",AGUSTUS,2300971.0,SEPTEMBER,434089.0,5.3,1866882.0,AMAN
SULAWESI UTARA,2025,Total,AGUSTUS,3420935.0,SEPTEMBER,434089.0,7.88,2986846.0,AMAN
SULAWESI TENGAH,2025,"A Pertanian, Kehutanan dan Perikanan",AGUSTUS,2326855.0,SEPTEMBER,498444.0,4.67,1828411.0,RENTAN
SULAWESI TENGAH,2025,B Pertambangan dan Penggalian,AGUSTUS,4208498.0,SEPTEMBER,498444.0,8.44,3710054.0,AMAN
SULAWESI TENGAH,2025,C Industri Pengolahan,AGUSTUS,3895723.0,SEPTEMBER,498444.0,7.82,3397279.0,AMAN
SULAWESI TENGAH,2025,D Pengadaan Listrik dan Gas,AGUSTUS,4293283.0,SEPTEMBER,498444.0,8.61,3794839.0,AMAN
SULAWESI TENGAH,2025,"E Pengadaan Air, Pengelolaan Sampah, Limbah dan Daur Ulang",AGUSTUS,2501121.0,SEPTEMBER,498444.0,5.02,2002677.0,AMAN
SULAWESI TENGAH,2025,F Konstruksi,AGUSTUS,2626235.0,SEPTEMBER,498444.0,5.27,2127791.0,AMAN
SULAWESI TENGAH,2025,"G Perdagangan Besar dan Eceran, Reparasi Mobil dan Sepeda Motor",AGUSTUS,2128497.0,SEPTEMBER,498444.0,4.27,1630053.0,RENTAN
SULAWESI TENGAH,2025,H Transportasi dan Pergudangan,AGUSTUS,2590279.0,SEPTEMBER,498444.0,5.2,2091835.0,AMAN
SULAWESI TENGAH,2025,I Penyediaan Akomodasi dan Makan Minum,AGUSTUS,1671777.0,SEPTEMBER,498444.0,3.35,1173333.0,RENTAN
SULAWESI TENGAH,2025,J Informasi dan Komunikasi,AGUSTUS,3120980.0,SEPTEMBER,498444.0,6.26,2622536.0,AMAN
SULAWESI TENGAH,2025,K Jasa Keuangan dan Asuransi,AGUSTUS,3914978.0,SEPTEMBER,498444.0,7.85,3416534.0,AMAN
SULAWESI TENGAH,2025,L Real Estate,AGUSTUS,5571336.0,SEPTEMBER,498444.0,11.18,5072892.0,AMAN
SULAWESI TENGAH,2025,"M,N Jasa Perusahaan",AGUSTUS,2617226.0,SEPTEMBER,498444.0,5.25,2118782.0,AMAN
SULAWESI TENGAH,2025,"O Administrasi Pemerintahan, Pertahanan dan Jaminan Sosial Wajib",AGUSTUS,3723830.0,SEPTEMBER,498444.0,7.47,3225386.0,AMAN
SULAWESI TENGAH,2025,P Jasa Pendidikan,AGUSTUS,3288897.0,SEPTEMBER,498444.0,6.6,2790453.0,AMAN
SULAWESI TENGAH,2025,Q Jasa Kesehatan dan Kegiatan Sosial,AGUSTUS,2776378.0,SEPTEMBER,498444.0,5.57,2277934.0,AMAN
SULAWESI TENGAH,2025,"R,S,T,U Jasa Lainnya",AGUSTUS,1787149.0,SEPTEMBER,498444.0,3.59,1288705.0,RENTAN
SULAWESI TENGAH,2025,Total,AGUSTUS,3056120.0,SEPTEMBER,498444.0,6.13,2557676.0,AMAN
SULAWESI SELATAN,2025,"A Pertanian, Kehutanan dan Perikanan",AGUSTUS,2287084.0,SEPTEMBER,387454.0,5.9,1899630.0,AMAN
SULAWESI SELATAN,2025,B Pertambangan dan Penggalian,AGUSTUS,5556142.0,SEPTEMBER,387454.0,14.34,5168688.0,AMAN
SULAWESI SELATAN,2025,C Industri Pengolahan,AGUSTUS,2486183.0,SEPTEMBER,387454.0,6.42,2098729.0,AMAN
SULAWESI SELATAN,2025,D Pengadaan Listrik dan Gas,AGUSTUS,3959718.0,SEPTEMBER,387454.0,10.22,3572264.0,AMAN
SULAWESI SELATAN,2025,"E Pengadaan Air, Pengelolaan Sampah, Limbah dan Daur Ulang",AGUSTUS,2602877.0,SEPTEMBER,387454.0,6.72,2215423.0,AMAN
SULAWESI SELATAN,2025,F Konstruksi,AGUSTUS,2578844.0,SEPTEMBER,387454.0,6.66,2191390.0,AMAN
SULAWESI SELATAN,2025,"G Perdagangan Besar dan Eceran, Reparasi Mobil dan Sepeda Motor",AGUSTUS,2563279.0,SEPTEMBER,387454.0,6.62,2175825.0,AMAN
SULAWESI SELATAN,2025,H Transportasi dan Pergudangan,AGUSTUS,5247392.0,SEPTEMBER,387454.0,13.54,4859938.0,AMAN
SULAWESI SELATAN,2025,I Penyediaan Akomodasi dan Makan Minum,AGUSTUS,2107830.0,SEPTEMBER,387454.0,5.44,1720376.0,AMAN
SULAWESI SELATAN,2025,J Informasi dan Komunikasi,AGUSTUS,3561262.0,SEPTEMBER,387454.0,9.19,3173808.0,AMAN
SULAWESI SELATAN,2025,K Jasa Keuangan dan Asuransi,AGUSTUS,4012827.0,SEPTEMBER,387454.0,10.36,3625373.0,AMAN
SULAWESI SELATAN,2025,L Real Estate,AGUSTUS,2967035.0,SEPTEMBER,387454.0,7.66,2579581.0,AMAN
SULAWESI SELATAN,2025,"M,N Jasa Perusahaan",AGUSTUS,3728371.0,SEPTEMBER,387454.0,9.62,3340917.0,AMAN
SULAWESI SELATAN,2025,"O Administrasi Pemerintahan, Pertahanan dan Jaminan Sosial Wajib",AGUSTUS,3492729.0,SEPTEMBER,387454.0,9.01,3105275.0,AMAN
SULAWESI SELATAN,2025,P Jasa Pendidikan,AGUSTUS,3450859.0,SEPTEMBER,387454.0,8.91,3063405.0,AMAN
SULAWESI SELATAN,2025,Q Jasa Kesehatan dan Kegiatan Sosial,AGUSTUS,2700032.0,SEPTEMBER,387454.0,6.97,2312578.0,AMAN
SULAWESI SELATAN,2025,"R,S,T,U Jasa Lainnya",AGUSTUS,1978724.0,SEPTEMBER,387454.0,5.11,1591270.0,AMAN
SULAWESI SELATAN,2025,Total,AGUSTUS,3060385.0,SEPTEMBER,387454.0,7.9,2672931.0,AMAN
SULAWESI TENGGARA,2025,"A Pertanian, Kehutanan dan Perikanan",AGUSTUS,2811095.0,SEPTEMBER,386850.0,7.27,2424245.0,AMAN
SULAWESI TENGGARA,2025,B Pertambangan dan Penggalian,AGUSTUS,4332715.0,SEPTEMBER,386850.0,11.2,3945865.0,AMAN
SULAWESI TENGGARA,2025,C Industri Pengolahan,AGUSTUS,2747068.0,SEPTEMBER,386850.0,7.1,2360218.0,AMAN
SULAWESI TENGGARA,2025,D Pengadaan Listrik dan Gas,AGUSTUS,3196831.0,SEPTEMBER,386850.0,8.26,2809981.0,AMAN
SULAWESI TENGGARA,2025,"E Pengadaan Air, Pengelolaan Sampah, Limbah dan Daur Ulang",AGUSTUS,2307698.0,SEPTEMBER,386850.0,5.97,1920848.0,AMAN
SULAWESI TENGGARA,2025,F Konstruksi,AGUSTUS,2686920.0,SEPTEMBER,386850.0,6.95,2300070.0,AMAN
SULAWESI TENGGARA,2025,"G Perdagangan Besar dan Eceran, Reparasi Mobil dan Sepeda Motor",AGUSTUS,2461788.0,SEPTEMBER,386850.0,6.36,2074938.0,AMAN
SULAWESI TENGGARA,2025,H Transportasi dan Pergudangan,AGUSTUS,2959507.0,SEPTEMBER,386850.0,7.65,2572657.0,AMAN
SULAWESI TENGGARA,2025,I Penyediaan Akomodasi dan Makan Minum,AGUSTUS,1617470.0,SEPTEMBER,386850.0,4.18,1230620.0,RENTAN
SULAWESI TENGGARA,2025,J Informasi dan Komunikasi,AGUSTUS,3879799.0,SEPTEMBER,386850.0,10.03,3492949.0,AMAN
SULAWESI TENGGARA,2025,K Jasa Keuangan dan Asuransi,AGUSTUS,3625112.0,SEPTEMBER,386850.0,9.37,3238262.0,AMAN
SULAWESI TENGGARA,2025,L Real Estate,AGUSTUS,3820685.0,SEPTEMBER,386850.0,9.88,3433835.0,AMAN
SULAWESI TENGGARA,2025,"M,N Jasa Perusahaan",AGUSTUS,3750637.0,SEPTEMBER,386850.0,9.7,3363787.0,AMAN
SULAWESI TENGGARA,2025,"O Administrasi Pemerintahan, Pertahanan dan Jaminan Sosial Wajib",AGUSTUS,3643522.0,SEPTEMBER,386850.0,9.42,3256672.0,AMAN
SULAWESI TENGGARA,2025,P Jasa Pendidikan,AGUSTUS,3583743.0,SEPTEMBER,386850.0,9.26,3196893.0,AMAN
SULAWESI TENGGARA,2025,Q Jasa Kesehatan dan Kegiatan Sosial,AGUSTUS,2796918.0,SEPTEMBER,386850.0,7.23,2410068.0,AMAN
SULAWESI TENGGARA,2025,"R,S,T,U Jasa Lainnya",AGUSTUS,1641348.0,SEPTEMBER,386850.0,4.24,1254498.0,RENTAN
SULAWESI TENGGARA,2025,Total,AGUSTUS,3189724.0,SEPTEMBER,386850.0,8.25,2802874.0,AMAN
GORONTALO,2025,"A Pertanian, Kehutanan dan Perikanan",AGUSTUS,2895969.0,SEPTEMBER,404784.0,7.15,2491185.0,AMAN
GORONTALO,2025,B Pertambangan dan Penggalian,AGUSTUS,3359149.0,SEPTEMBER,404784.0,8.3,2954365.0,AMAN
GORONTALO,2025,C Industri Pengolahan,AGUSTUS,1881745.0,SEPTEMBER,404784.0,4.65,1476961.0,RENTAN
GORONTALO,2025,D Pengadaan Listrik dan Gas,AGUSTUS,3454474.0,SEPTEMBER,404784.0,8.53,3049690.0,AMAN
GORONTALO,2025,"E Pengadaan Air, Pengelolaan Sampah, Limbah dan Daur Ulang",AGUSTUS,3921714.0,SEPTEMBER,404784.0,9.69,3516930.0,AMAN
GORONTALO,2025,F Konstruksi,AGUSTUS,2527691.0,SEPTEMBER,404784.0,6.24,2122907.0,AMAN
GORONTALO,2025,"G Perdagangan Besar dan Eceran, Reparasi Mobil dan Sepeda Motor",AGUSTUS,2301326.0,SEPTEMBER,404784.0,5.69,1896542.0,AMAN
GORONTALO,2025,H Transportasi dan Pergudangan,AGUSTUS,2753552.0,SEPTEMBER,404784.0,6.8,2348768.0,AMAN
GORONTALO,2025,I Penyediaan Akomodasi dan Makan Minum,AGUSTUS,1325626.0,SEPTEMBER,404784.0,3.27,920842.0,RENTAN
GORONTALO,2025,J Informasi dan Komunikasi,AGUSTUS,1812607.0,SEPTEMBER,404784.0,4.48,1407823.0,RENTAN
GORONTALO,2025,K Jasa Keuangan dan Asuransi,AGUSTUS,3936344.0,SEPTEMBER,404784.0,9.72,3531560.0,AMAN
GORONTALO,2025,"M,N Jasa Perusahaan",AGUSTUS,3506570.0,SEPTEMBER,404784.0,8.66,3101786.0,AMAN
GORONTALO,2025,"O Administrasi Pemerintahan, Pertahanan dan Jaminan Sosial Wajib",AGUSTUS,3720085.0,SEPTEMBER,404784.0,9.19,3315301.0,AMAN
GORONTALO,2025,P Jasa Pendidikan,AGUSTUS,3561803.0,SEPTEMBER,404784.0,8.8,3157019.0,AMAN
GORONTALO,2025,Q Jasa Kesehatan dan Kegiatan Sosial,AGUSTUS,2503584.0,SEPTEMBER,404784.0,6.18,2098800.0,AMAN
GORONTALO,2025,"R,S,T,U Jasa Lainnya",AGUSTUS,980664.0,SEPTEMBER,404784.0,2.42,575880.0,KRITIS
GORONTALO,2025,Total,AGUSTUS,2911813.0,SEPTEMBER,404784.0,7.19,2507029.0,AMAN
SULAWESI BARAT,2025,"A Pertanian, Kehutanan dan Perikanan",AGUSTUS,2499572.0,SEPTEMBER,399892.0,6.25,2099680.0,AMAN
SULAWESI BARAT,2025,B Pertambangan dan Penggalian,AGUSTUS,5535282.0,SEPTEMBER,399892.0,13.84,5135390.0,AMAN
SULAWESI BARAT,2025,C Industri Pengolahan,AGUSTUS,2144498.0,SEPTEMBER,399892.0,5.36,1744606.0,AMAN
SULAWESI BARAT,2025,D Pengadaan Listrik dan Gas,AGUSTUS,2652062.0,SEPTEMBER,399892.0,6.63,2252170.0,AMAN
SULAWESI BARAT,2025,"E Pengadaan Air, Pengelolaan Sampah, Limbah dan Daur Ulang",AGUSTUS,2419701.0,SEPTEMBER,399892.0,6.05,2019809.0,AMAN
SULAWESI BARAT,2025,F Konstruksi,AGUSTUS,2090050.0,SEPTEMBER,399892.0,5.23,1690158.0,AMAN
SULAWESI BARAT,2025,"G Perdagangan Besar dan Eceran, Reparasi Mobil dan Sepeda Motor",AGUSTUS,1926877.0,SEPTEMBER,399892.0,4.82,1526985.0,RENTAN
SULAWESI BARAT,2025,H Transportasi dan Pergudangan,AGUSTUS,2785735.0,SEPTEMBER,399892.0,6.97,2385843.0,AMAN
SULAWESI BARAT,2025,I Penyediaan Akomodasi dan Makan Minum,AGUSTUS,1365799.0,SEPTEMBER,399892.0,3.42,965907.0,RENTAN
SULAWESI BARAT,2025,J Informasi dan Komunikasi,AGUSTUS,3279581.0,SEPTEMBER,399892.0,8.2,2879689.0,AMAN
SULAWESI BARAT,2025,K Jasa Keuangan dan Asuransi,AGUSTUS,3750764.0,SEPTEMBER,399892.0,9.38,3350872.0,AMAN
SULAWESI BARAT,2025,"M,N Jasa Perusahaan",AGUSTUS,2796597.0,SEPTEMBER,399892.0,6.99,2396705.0,AMAN
SULAWESI BARAT,2025,"O Administrasi Pemerintahan, Pertahanan dan Jaminan Sosial Wajib",AGUSTUS,3479514.0,SEPTEMBER,399892.0,8.7,3079622.0,AMAN
SULAWESI BARAT,2025,P Jasa Pendidikan,AGUSTUS,2829577.0,SEPTEMBER,399892.0,7.08,2429685.0,AMAN
SULAWESI BARAT,2025,Q Jasa Kesehatan dan Kegiatan Sosial,AGUSTUS,2917174.0,SEPTEMBER,399892.0,7.29,2517282.0,AMAN
SULAWESI BARAT,2025,"R,S,T,U Jasa Lainnya",AGUSTUS,1460849.0,SEPTEMBER,399892.0,3.65,1060957.0,RENTAN
SULAWESI BARAT,2025,Total,AGUSTUS,2698528.0,SEPTEMBER,399892.0,6.75,2298636.0,AMAN
MALUKU,2025,"A Pertanian, Kehutanan dan Perikanan",AGUSTUS,2287230.0,SEPTEMBER,584225.0,3.91,1703005.0,RENTAN
MALUKU,2025,B Pertambangan dan Penggalian,AGUSTUS,3402744.0,SEPTEMBER,584225.0,5.82,2818519.0,AMAN
MALUKU,2025,C Industri Pengolahan,AGUSTUS,2249330.0,SEPTEMBER,584225.0,3.85,1665105.0,RENTAN
MALUKU,2025,D Pengadaan Listrik dan Gas,AGUSTUS,3210500.0,SEPTEMBER,584225.0,5.5,2626275.0,AMAN
MALUKU,2025,"E Pengadaan Air, Pengelolaan Sampah, Limbah dan Daur Ulang",AGUSTUS,3540341.0,SEPTEMBER,584225.0,6.06,2956116.0,AMAN
MALUKU,2025,F Konstruksi,AGUSTUS,2838614.0,SEPTEMBER,584225.0,4.86,2254389.0,RENTAN
MALUKU,2025,"G Perdagangan Besar dan Eceran, Reparasi Mobil dan Sepeda Motor",AGUSTUS,2453694.0,SEPTEMBER,584225.0,4.2,1869469.0,RENTAN
MALUKU,2025,H Transportasi dan Pergudangan,AGUSTUS,2468156.0,SEPTEMBER,584225.0,4.22,1883931.0,RENTAN
MALUKU,2025,I Penyediaan Akomodasi dan Makan Minum,AGUSTUS,1975443.0,SEPTEMBER,584225.0,3.38,1391218.0,RENTAN
MALUKU,2025,J Informasi dan Komunikasi,AGUSTUS,3480111.0,SEPTEMBER,584225.0,5.96,2895886.0,AMAN
MALUKU,2025,K Jasa Keuangan dan Asuransi,AGUSTUS,3741986.0,SEPTEMBER,584225.0,6.41,3157761.0,AMAN
MALUKU,2025,"M,N Jasa Perusahaan",AGUSTUS,2346854.0,SEPTEMBER,584225.0,4.02,1762629.0,RENTAN
MALUKU,2025,"O Administrasi Pemerintahan, Pertahanan dan Jaminan Sosial Wajib",AGUSTUS,4068192.0,SEPTEMBER,584225.0,6.96,3483967.0,AMAN
MALUKU,2025,P Jasa Pendidikan,AGUSTUS,3075047.0,SEPTEMBER,584225.0,5.26,2490822.0,AMAN
MALUKU,2025,Q Jasa Kesehatan dan Kegiatan Sosial,AGUSTUS,2638356.0,SEPTEMBER,584225.0,4.52,2054131.0,RENTAN
MALUKU,2025,"R,S,T,U Jasa Lainnya",AGUSTUS,1810828.0,SEPTEMBER,584225.0,3.1,1226603.0,RENTAN
MALUKU,2025,Total,AGUSTUS,3100805.0,SEPTEMBER,584225.0,5.31,2516580.0,AMAN
MALUKU UTARA,2025,"A Pertanian, Kehutanan dan Perikanan",AGUSTUS,2469241.0,SEPTEMBER,524814.0,4.7,1944427.0,RENTAN
MALUKU UTARA,2025,B Pertambangan dan Penggalian,AGUSTUS,6083756.0,SEPTEMBER,524814.0,11.59,5558942.0,AMAN
MALUKU UTARA,2025,C Industri Pengolahan,AGUSTUS,3678762.0,SEPTEMBER,524814.0,7.01,3153948.0,AMAN
MALUKU UTARA,2025,D Pengadaan Listrik dan Gas,AGUSTUS,3767542.0,SEPTEMBER,524814.0,7.18,3242728.0,AMAN
MALUKU UTARA,2025,"E Pengadaan Air, Pengelolaan Sampah, Limbah dan Daur Ulang",AGUSTUS,3625311.0,SEPTEMBER,524814.0,6.91,3100497.0,AMAN
MALUKU UTARA,2025,F Konstruksi,AGUSTUS,4209528.0,SEPTEMBER,524814.0,8.02,3684714.0,AMAN
MALUKU UTARA,2025,"G Perdagangan Besar dan Eceran, Reparasi Mobil dan Sepeda Motor",AGUSTUS,2382428.0,SEPTEMBER,524814.0,4.54,1857614.0,RENTAN
MALUKU UTARA,2025,H Transportasi dan Pergudangan,AGUSTUS,3096858.0,SEPTEMBER,524814.0,5.9,2572044.0,AMAN
MALUKU UTARA,2025,I Penyediaan Akomodasi dan Makan Minum,AGUSTUS,1966681.0,SEPTEMBER,524814.0,3.75,1441867.0,RENTAN
MALUKU UTARA,2025,J Informasi dan Komunikasi,AGUSTUS,3534833.0,SEPTEMBER,524814.0,6.74,3010019.0,AMAN
MALUKU UTARA,2025,K Jasa Keuangan dan Asuransi,AGUSTUS,4430168.0,SEPTEMBER,524814.0,8.44,3905354.0,AMAN
MALUKU UTARA,2025,"M,N Jasa Perusahaan",AGUSTUS,3238795.0,SEPTEMBER,524814.0,6.17,2713981.0,AMAN
MALUKU UTARA,2025,"O Administrasi Pemerintahan, Pertahanan dan Jaminan Sosial Wajib",AGUSTUS,4076545.0,SEPTEMBER,524814.0,7.77,3551731.0,AMAN
MALUKU UTARA,2025,P Jasa Pendidikan,AGUSTUS,3238464.0,SEPTEMBER,524814.0,6.17,2713650.0,AMAN
MALUKU UTARA,2025,Q Jasa Kesehatan dan Kegiatan Sosial,AGUSTUS,3208463.0,SEPTEMBER,524814.0,6.11,2683649.0,AMAN
MALUKU UTARA,2025,"R,S,T,U Jasa Lainnya",AGUSTUS,2226967.0,SEPTEMBER,524814.0,4.24,1702153.0,RENTAN
MALUKU UTARA,2025,Total,AGUSTUS,3620219.0,SEPTEMBER,524814.0,6.9,3095405.0,AMAN
PAPUA BARAT,2025,"A Pertanian, Kehutanan dan Perikanan",AGUSTUS,3085260.0,SEPTEMBER,644673.0,4.79,2440587.0,RENTAN
PAPUA BARAT,2025,B Pertambangan dan Penggalian,AGUSTUS,5176964.0,SEPTEMBER,644673.0,8.03,4532291.0,AMAN
PAPUA BARAT,2025,C Industri Pengolahan,AGUSTUS,2852189.0,SEPTEMBER,644673.0,4.42,2207516.0,RENTAN
PAPUA BARAT,2025,"E Pengadaan Air, Pengelolaan Sampah, Limbah dan Daur Ulang",AGUSTUS,3928482.0,SEPTEMBER,644673.0,6.09,3283809.0,AMAN
PAPUA BARAT,2025,F Konstruksi,AGUSTUS,3537234.0,SEPTEMBER,644673.0,5.49,2892561.0,AMAN
PAPUA BARAT,2025,"G Perdagangan Besar dan Eceran, Reparasi Mobil dan Sepeda Motor",AGUSTUS,2702393.0,SEPTEMBER,644673.0,4.19,2057720.0,RENTAN
PAPUA BARAT,2025,H Transportasi dan Pergudangan,AGUSTUS,2795701.0,SEPTEMBER,644673.0,4.34,2151028.0,RENTAN
PAPUA BARAT,2025,I Penyediaan Akomodasi dan Makan Minum,AGUSTUS,2915459.0,SEPTEMBER,644673.0,4.52,2270786.0,RENTAN
PAPUA BARAT,2025,J Informasi dan Komunikasi,AGUSTUS,3649834.0,SEPTEMBER,644673.0,5.66,3005161.0,AMAN
PAPUA BARAT,2025,K Jasa Keuangan dan Asuransi,AGUSTUS,4275717.0,SEPTEMBER,644673.0,6.63,3631044.0,AMAN
PAPUA BARAT,2025,"M,N Jasa Perusahaan",AGUSTUS,2954060.0,SEPTEMBER,644673.0,4.58,2309387.0,RENTAN
PAPUA BARAT,2025,"O Administrasi Pemerintahan, Pertahanan dan Jaminan Sosial Wajib",AGUSTUS,4299481.0,SEPTEMBER,644673.0,6.67,3654808.0,AMAN
PAPUA BARAT,2025,P Jasa Pendidikan,AGUSTUS,3535228.0,SEPTEMBER,644673.0,5.48,2890555.0,AMAN
PAPUA BARAT,2025,Q Jasa Kesehatan dan Kegiatan Sosial,AGUSTUS,4193201.0,SEPTEMBER,644673.0,6.5,3548528.0,AMAN
PAPUA BARAT,2025,"R,S,T,U Jasa Lainnya",AGUSTUS,2429632.0,SEPTEMBER,644673.0,3.77,1784959.0,RENTAN
PAPUA BARAT,2025,Total,AGUSTUS,3765973.0,SEPTEMBER,644673.0,5.84,3121300.0,AMAN
PAPUA BARAT DAYA,2025,"A Pertanian, Kehutanan dan Perikanan",AGUSTUS,3438178.0,SEPTEMBER,629595.0,5.46,2808583.0,AMAN
PAPUA BARAT DAYA,2025,B Pertambangan dan Penggalian,AGUSTUS,4768339.0,SEPTEMBER,629595.0,7.57,4138744.0,AMAN
PAPUA BARAT DAYA,2025,C Industri Pengolahan,AGUSTUS,3547451.0,SEPTEMBER,629595.0,5.63,2917856.0,AMAN
PAPUA BARAT DAYA,2025,D Pengadaan Listrik dan Gas,AGUSTUS,4066262.0,SEPTEMBER,629595.0,6.46,3436667.0,AMAN
PAPUA BARAT DAYA,2025,F Konstruksi,AGUSTUS,4605899.0,SEPTEMBER,629595.0,7.32,3976304.0,AMAN
PAPUA BARAT DAYA,2025,"G Perdagangan Besar dan Eceran, Reparasi Mobil dan Sepeda Motor",AGUSTUS,3122736.0,SEPTEMBER,629595.0,4.96,2493141.0,RENTAN
PAPUA BARAT DAYA,2025,H Transportasi dan Pergudangan,AGUSTUS,3181558.0,SEPTEMBER,629595.0,5.05,2551963.0,AMAN
PAPUA BARAT DAYA,2025,I Penyediaan Akomodasi dan Makan Minum,AGUSTUS,2697077.0,SEPTEMBER,629595.0,4.28,2067482.0,RENTAN
PAPUA BARAT DAYA,2025,J Informasi dan Komunikasi,AGUSTUS,6164638.0,SEPTEMBER,629595.0,9.79,5535043.0,AMAN
PAPUA BARAT DAYA,2025,K Jasa Keuangan dan Asuransi,AGUSTUS,4460691.0,SEPTEMBER,629595.0,7.09,3831096.0,AMAN
PAPUA BARAT DAYA,2025,"M,N Jasa Perusahaan",AGUSTUS,4401129.0,SEPTEMBER,629595.0,6.99,3771534.0,AMAN
PAPUA BARAT DAYA,2025,"O Administrasi Pemerintahan, Pertahanan dan Jaminan Sosial Wajib",AGUSTUS,4325070.0,SEPTEMBER,629595.0,6.87,3695475.0,AMAN
PAPUA BARAT DAYA,2025,P Jasa Pendidikan,AGUSTUS,3567839.0,SEPTEMBER,629595.0,5.67,2938244.0,AMAN
PAPUA BARAT DAYA,2025,Q Jasa Kesehatan dan Kegiatan Sosial,AGUSTUS,3656038.0,SEPTEMBER,629595.0,5.81,3026443.0,AMAN
PAPUA BARAT DAYA,2025,"R,S,T,U Jasa Lainnya",AGUSTUS,3176755.0,SEPTEMBER,629595.0,5.05,2547160.0,AMAN
PAPUA BARAT DAYA,2025,Total,AGUSTUS,3837947.0,SEPTEMBER,629595.0,6.1,3208352.0,AMAN
PAPUA,2025,"A Pertanian, Kehutanan dan Perikanan",AGUSTUS,3702570.0,SEPTEMBER,502801.0,7.36,3199769.0,AMAN
PAPUA,2025,B Pertambangan dan Penggalian,AGUSTUS,4856000.0,SEPTEMBER,502801.0,9.66,4353199.0,AMAN
PAPUA,2025,C Industri Pengolahan,AGUSTUS,4942013.0,SEPTEMBER,502801.0,9.83,4439212.0,AMAN
PAPUA,2025,D Pengadaan Listrik dan Gas,AGUSTUS,6169643.0,SEPTEMBER,502801.0,12.27,5666842.0,AMAN
PAPUA,2025,"E Pengadaan Air, Pengelolaan Sampah, Limbah dan Daur Ulang",AGUSTUS,4305836.0,SEPTEMBER,502801.0,8.56,3803035.0,AMAN
PAPUA,2025,F Konstruksi,AGUSTUS,4027445.0,SEPTEMBER,502801.0,8.01,3524644.0,AMAN
PAPUA,2025,"G Perdagangan Besar dan Eceran, Reparasi Mobil dan Sepeda Motor",AGUSTUS,4007967.0,SEPTEMBER,502801.0,7.97,3505166.0,AMAN
PAPUA,2025,H Transportasi dan Pergudangan,AGUSTUS,3858197.0,SEPTEMBER,502801.0,7.67,3355396.0,AMAN
PAPUA,2025,I Penyediaan Akomodasi dan Makan Minum,AGUSTUS,2706006.0,SEPTEMBER,502801.0,5.38,2203205.0,AMAN
PAPUA,2025,J Informasi dan Komunikasi,AGUSTUS,4042799.0,SEPTEMBER,502801.0,8.04,3539998.0,AMAN
PAPUA,2025,K Jasa Keuangan dan Asuransi,AGUSTUS,7042557.0,SEPTEMBER,502801.0,14.01,6539756.0,AMAN
PAPUA,2025,"M,N Jasa Perusahaan",AGUSTUS,3937959.0,SEPTEMBER,502801.0,7.83,3435158.0,AMAN
PAPUA,2025,"O Administrasi Pemerintahan, Pertahanan dan Jaminan Sosial Wajib",AGUSTUS,5128804.0,SEPTEMBER,502801.0,10.2,4626003.0,AMAN
PAPUA,2025,P Jasa Pendidikan,AGUSTUS,3683659.0,SEPTEMBER,502801.0,7.33,3180858.0,AMAN
PAPUA,2025,Q Jasa Kesehatan dan Kegiatan Sosial,AGUSTUS,3896079.0,SEPTEMBER,502801.0,7.75,3393278.0,AMAN
PAPUA,2025,"R,S,T,U Jasa Lainnya",AGUSTUS,2899547.0,SEPTEMBER,502801.0,5.77,2396746.0,AMAN
PAPUA,2025,Total,AGUSTUS,4426645.0,SEPTEMBER,502801.0,8.8,3923844.0,AMAN
PAPUA SELATAN,2025,"A Pertanian, Kehutanan dan Perikanan",AGUSTUS,4685930.0,SEPTEMBER,450134.0,10.41,4235796.0,AMAN
PAPUA SELATAN,2025,C Industri Pengolahan,AGUSTUS,3156243.0,SEPTEMBER,450134.0,7.01,2706109.0,AMAN
PAPUA SELATAN,2025,D Pengadaan Listrik dan Gas,AGUSTUS,3729948.0,SEPTEMBER,450134.0,8.29,3279814.0,AMAN
PAPUA SELATAN,2025,"E Pengadaan Air, Pengelolaan Sampah, Limbah dan Daur Ulang",AGUSTUS,3731429.0,SEPTEMBER,450134.0,8.29,3281295.0,AMAN
PAPUA SELATAN,2025,F Konstruksi,AGUSTUS,3937978.0,SEPTEMBER,450134.0,8.75,3487844.0,AMAN
PAPUA SELATAN,2025,"G Perdagangan Besar dan Eceran, Reparasi Mobil dan Sepeda Motor",AGUSTUS,2624043.0,SEPTEMBER,450134.0,5.83,2173909.0,AMAN
PAPUA SELATAN,2025,H Transportasi dan Pergudangan,AGUSTUS,5146361.0,SEPTEMBER,450134.0,11.43,4696227.0,AMAN
PAPUA SELATAN,2025,I Penyediaan Akomodasi dan Makan Minum,AGUSTUS,2718148.0,SEPTEMBER,450134.0,6.04,2268014.0,AMAN
PAPUA SELATAN,2025,J Informasi dan Komunikasi,AGUSTUS,6604964.0,SEPTEMBER,450134.0,14.67,6154830.0,AMAN
PAPUA SELATAN,2025,K Jasa Keuangan dan Asuransi,AGUSTUS,4331109.0,SEPTEMBER,450134.0,9.62,3880975.0,AMAN
PAPUA SELATAN,2025,"M,N Jasa Perusahaan",AGUSTUS,4607137.0,SEPTEMBER,450134.0,10.24,4157003.0,AMAN
PAPUA SELATAN,2025,"O Administrasi Pemerintahan, Pertahanan dan Jaminan Sosial Wajib",AGUSTUS,4461943.0,SEPTEMBER,450134.0,9.91,4011809.0,AMAN
PAPUA SELATAN,2025,P Jasa Pendidikan,AGUSTUS,4632099.0,SEPTEMBER,450134.0,10.29,4181965.0,AMAN
PAPUA SELATAN,2025,Q Jasa Kesehatan dan Kegiatan Sosial,AGUSTUS,3769842.0,SEPTEMBER,450134.0,8.37,3319708.0,AMAN
PAPUA SELATAN,2025,"R,S,T,U Jasa Lainnya",AGUSTUS,2845447.0,SEPTEMBER,450134.0,6.32,2395313.0,AMAN
PAPUA SELATAN,2025,Total,AGUSTUS,4264963.0,SEPTEMBER,450134.0,9.47,3814829.0,AMAN
PAPUA TENGAH,2025,"A Pertanian, Kehutanan dan Perikanan",AGUSTUS,2902392.0,SEPTEMBER,662158.0,4.38,2240234.0,RENTAN
PAPUA TENGAH,2025,B Pertambangan dan Penggalian,AGUSTUS,9791755.0,SEPTEMBER,662158.0,14.79,9129597.0,AMAN
PAPUA TENGAH,2025,C Industri Pengolahan,AGUSTUS,4657542.0,SEPTEMBER,662158.0,7.03,3995384.0,AMAN
PAPUA TENGAH,2025,D Pengadaan Listrik dan Gas,AGUSTUS,6522003.0,SEPTEMBER,662158.0,9.85,5859845.0,AMAN
PAPUA TENGAH,2025,"E Pengadaan Air, Pengelolaan Sampah, Limbah dan Daur Ulang",AGUSTUS,8596509.0,SEPTEMBER,662158.0,12.98,7934351.0,AMAN
PAPUA TENGAH,2025,F Konstruksi,AGUSTUS,5120291.0,SEPTEMBER,662158.0,7.73,4458133.0,AMAN
PAPUA TENGAH,2025,"G Perdagangan Besar dan Eceran, Reparasi Mobil dan Sepeda Motor",AGUSTUS,3638459.0,SEPTEMBER,662158.0,5.49,2976301.0,AMAN
PAPUA TENGAH,2025,H Transportasi dan Pergudangan,AGUSTUS,4224670.0,SEPTEMBER,662158.0,6.38,3562512.0,AMAN
PAPUA TENGAH,2025,J Informasi dan Komunikasi,AGUSTUS,3758780.0,SEPTEMBER,662158.0,5.68,3096622.0,AMAN
PAPUA TENGAH,2025,K Jasa Keuangan dan Asuransi,AGUSTUS,9243617.0,SEPTEMBER,662158.0,13.96,8581459.0,AMAN
PAPUA TENGAH,2025,"M,N Jasa Perusahaan",AGUSTUS,6526785.0,SEPTEMBER,662158.0,9.86,5864627.0,AMAN
PAPUA TENGAH,2025,"O Administrasi Pemerintahan, Pertahanan dan Jaminan Sosial Wajib",AGUSTUS,4600774.0,SEPTEMBER,662158.0,6.95,3938616.0,AMAN
PAPUA TENGAH,2025,P Jasa Pendidikan,AGUSTUS,3745161.0,SEPTEMBER,662158.0,5.66,3083003.0,AMAN
PAPUA TENGAH,2025,Q Jasa Kesehatan dan Kegiatan Sosial,AGUSTUS,4160470.0,SEPTEMBER,662158.0,6.28,3498312.0,AMAN
PAPUA TENGAH,2025,"R,S,T,U Jasa Lainnya",AGUSTUS,3820089.0,SEPTEMBER,662158.0,5.77,3157931.0,AMAN
PAPUA TENGAH,2025,Total,AGUSTUS,4808336.0,SEPTEMBER,662158.0,7.26,4146178.0,AMAN
PAPUA PEGUNUNGAN,2025,"A Pertanian, Kehutanan dan Perikanan",AGUSTUS,1769571.0,SEPTEMBER,942805.0,1.88,826766.0,KRITIS
PAPUA PEGUNUNGAN,2025,C Industri Pengolahan,AGUSTUS,2761446.0,SEPTEMBER,942805.0,2.93,1818641.0,KRITIS
PAPUA PEGUNUNGAN,2025,F Konstruksi,AGUSTUS,4773837.0,SEPTEMBER,942805.0,5.06,3831032.0,AMAN
PAPUA PEGUNUNGAN,2025,"G Perdagangan Besar dan Eceran, Reparasi Mobil dan Sepeda Motor",AGUSTUS,2879016.0,SEPTEMBER,942805.0,3.05,1936211.0,RENTAN
PAPUA PEGUNUNGAN,2025,H Transportasi dan Pergudangan,AGUSTUS,3123529.0,SEPTEMBER,942805.0,3.31,2180724.0,RENTAN
PAPUA PEGUNUNGAN,2025,"M,N Jasa Perusahaan",AGUSTUS,2045263.0,SEPTEMBER,942805.0,2.17,1102458.0,KRITIS
PAPUA PEGUNUNGAN,2025,"O Administrasi Pemerintahan, Pertahanan dan Jaminan Sosial Wajib",AGUSTUS,4984667.0,SEPTEMBER,942805.0,5.29,4041862.0,AMAN
PAPUA PEGUNUNGAN,2025,P Jasa Pendidikan,AGUSTUS,4370497.0,SEPTEMBER,942805.0,4.64,3427692.0,RENTAN
PAPUA PEGUNUNGAN,2025,Q Jasa Kesehatan dan Kegiatan Sosial,AGUSTUS,4185124.0,SEPTEMBER,942805.0,4.44,3242319.0,RENTAN
PAPUA PEGUNUNGAN,2025,"R,S,T,U Jasa Lainnya",AGUSTUS,2409399.0,SEPTEMBER,942805.0,2.56,1466594.0,KRITIS
PAPUA PEGUNUNGAN,2025,Total,AGUSTUS,3941546.0,SEPTEMBER,942805.0,4.18,2998741.0,RENTAN
